window,start,end,geom_mean,n_windows,window_type,window_id,subset,fold,sub_label,tau,d,h
1,38.3629999160767,4605678.9519999,13292.3911035242,1,regular,1,by_practice,1,4,-4.70625683429875,0.370902015797368,0.0603916287208587
1,38.3629999160767,4605678.9519999,13292.3911035242,1,regular,1,by_practice,1,5,-4.99487631124159,0.337160163915844,0.0177478639940643
1,38.3629999160767,4605678.9519999,13292.3911035242,1,regular,1,by_practice,1,8,-4.10524534005794,0.404793980465354,0.111044997233972
1,38.3629999160767,4605678.9519999,13292.3911035242,1,regular,1,by_practice,1,6,-4.72549291399281,0.359374607253451,0.035340410279763
1,38.3629999160767,4605678.9519999,13292.3911035242,1,regular,1,by_practice,1,7,-4.45320012273396,0.381913501804034,0.0628124405951241
1,38.3629999160767,4605678.9519999,13292.3911035242,1,regular,1,by_practice,1,14,-3.66110792754193,0.448730820175458,0.304849810336179
1,38.3629999160767,4605678.9519999,13292.3911035242,1,regular,1,by_practice,1,12,-3.60860315667608,0.455184123728835,0.36644961185744
1,38.3629999160767,4605678.9519999,13292.3911035242,1,regular,1,by_practice,1,10,-3.92415591567273,0.422478032409667,0.168015535536495
1,38.3629999160767,4605678.9519999,13292.3911035242,1,regular,1,by_practice,1,9,-4.10285797949386,0.410386534518583,0.12527498018759
1,38.3629999160767,4605678.9519999,13292.3911035242,1,regular,1,by_practice,1,11,-3.86437725983574,0.432898631143361,0.21663829920304
1,38.3629999160767,4605678.9519999,13292.3911035242,1,regular,1,by_practice,1,13,-3.57220290530553,0.460494788285621,0.417062775297248
1,38.3629999160767,4605678.9519999,13292.3911035242,1,regular,1,by_practice,1,18,-3.83584157206929,0.449446086939911,0.319625205370508
1,38.3629999160767,4605678.9519999,13292.3911035242,1,regular,1,by_practice,1,16,-3.30139976424534,0.480462746550872,0.640984753037291
1,38.3629999160767,4605678.9519999,13292.3911035242,1,regular,1,by_practice,1,15,-3.42545859055999,0.467380681022438,0.477206112261883
1,38.3629999160767,4605678.9519999,13292.3911035242,1,regular,1,by_practice,1,21+,-2.84119008080651,0.532903697913752,1
1,38.3629999160767,4605678.9519999,13292.3911035242,1,regular,1,by_practice,1,19,-3.23621336593783,0.490225786015698,0.804581930383345
1,38.3629999160767,4605678.9519999,13292.3911035242,1,regular,1,by_practice,1,20,-3.58859806833338,0.478359771970286,0.610466868804058
1,38.3629999160767,4605678.9519999,13292.3911035242,1,regular,1,by_practice,1,17,-3.21672100626611,0.485144060314432,0.71138702151379
1,38.3629999160767,13238.1209998131,712.638782838012,2,regular,2,by_practice,1,4,-3.40229080154358,0.48833376871724,0.764668702358879
1,38.3629999160767,13238.1209998131,712.638782838012,2,regular,2,by_practice,1,5,-3.58040403953852,0.446770416819749,0.151419843029314
1,38.3629999160767,13238.1209998131,712.638782838012,2,regular,2,by_practice,1,8,-2.83039894399508,0.553859526736461,1
1,38.3629999160767,13238.1209998131,712.638782838012,2,regular,2,by_practice,1,6,-3.4512245625756,0.470671820682333,0.364917281773861
1,38.3629999160767,13238.1209998131,712.638782838012,2,regular,2,by_practice,1,7,-3.1781443992225,0.509856849510392,1
1,38.3629999160767,13238.1209998131,712.638782838012,2,regular,2,by_practice,1,14,-2.38788367923408,0.621191556673317,1
1,38.3629999160767,13238.1209998131,712.638782838012,2,regular,2,by_practice,1,12,-2.39103228332774,0.604830422031096,1
1,38.3629999160767,13238.1209998131,712.638782838012,2,regular,2,by_practice,1,10,-2.85685839464171,0.548827813879298,1
1,38.3629999160767,13238.1209998131,712.638782838012,2,regular,2,by_practice,1,9,-2.78851586964319,0.557667028060276,1
1,38.3629999160767,13238.1209998131,712.638782838012,2,regular,2,by_practice,1,11,-2.90084274133249,0.554902295327164,1
1,38.3629999160767,13238.1209998131,712.638782838012,2,regular,2,by_practice,1,13,-2.45261617069412,0.604496780594221,1
1,38.3629999160767,13238.1209998131,712.638782838012,2,regular,2,by_practice,1,18,-2.58309973173527,0.610658856411319,1
1,38.3629999160767,13238.1209998131,712.638782838012,2,regular,2,by_practice,1,16,-1.96236960875053,0.655620816669378,1
1,38.3629999160767,13238.1209998131,712.638782838012,2,regular,2,by_practice,1,15,-2.92436759907667,0.530946988258422,1
1,38.3629999160767,13238.1209998131,712.638782838012,2,regular,2,by_practice,1,21+,-1.8285881866319,0.682497187312619,1
1,38.3629999160767,13238.1209998131,712.638782838012,2,regular,2,by_practice,1,19,-1.77983983108616,0.704990502124567,1
1,38.3629999160767,13238.1209998131,712.638782838012,2,regular,2,by_practice,1,17,-2.6311740585635,0.595601146913142,1
2,13371.3069999218,4605678.9519999,248161.131546157,2,regular,3,by_practice,1,4,-5.0525969529837,0.337893223406965,0.0202732083813228
2,13371.3069999218,4605678.9519999,248161.131546157,2,regular,3,by_practice,1,5,-5.12433398093317,0.331420919936644,0.0140067042167058
2,13371.3069999218,4605678.9519999,248161.131546157,2,regular,3,by_practice,1,8,-4.27266422759576,0.397417849542575,0.0844519576859254
2,13371.3069999218,4605678.9519999,248161.131546157,2,regular,3,by_practice,1,6,-4.83487028798011,0.35309642501905,0.0263839326549065
2,13371.3069999218,4605678.9519999,248161.131546157,2,regular,3,by_practice,1,7,-4.56361760353933,0.37525281422071,0.0474575121541527
2,13371.3069999218,4605678.9519999,248161.131546157,2,regular,3,by_practice,1,14,-3.78123736312922,0.439061556719842,0.227343210239971
2,13371.3069999218,4605678.9519999,248161.131546157,2,regular,3,by_practice,1,12,-3.8159770703752,0.433667560254974,0.198667057785313
2,13371.3069999218,4605678.9519999,248161.131546157,2,regular,3,by_practice,1,10,-4.05054388323704,0.4143042495051,0.124725948597518
2,13371.3069999218,4605678.9519999,248161.131546157,2,regular,3,by_practice,1,9,-4.25273843698872,0.407625844662683,0.108900550993954
2,13371.3069999218,4605678.9519999,248161.131546157,2,regular,3,by_practice,1,11,-3.95271904072706,0.426064998017221,0.167030147894471
2,13371.3069999218,4605678.9519999,248161.131546157,2,regular,3,by_practice,1,13,-3.73436021141454,0.441572925236805,0.247441967175193
2,13371.3069999218,4605678.9519999,248161.131546157,2,regular,3,by_practice,1,18,-3.97269875131684,0.435499732046253,0.202787429753117
2,13371.3069999218,4605678.9519999,248161.131546157,2,regular,3,by_practice,1,16,-3.5644061418043,0.458738901877069,0.364173429909069
2,13371.3069999218,4605678.9519999,248161.131546157,2,regular,3,by_practice,1,15,-3.4623261125037,0.46127314185105,0.392781876706583
2,13371.3069999218,4605678.9519999,248161.131546157,2,regular,3,by_practice,1,21+,-2.97580843799248,0.506872076614607,1
2,13371.3069999218,4605678.9519999,248161.131546157,2,regular,3,by_practice,1,19,-3.3907167939424,0.48278748071427,0.672043266998533
2,13371.3069999218,4605678.9519999,248161.131546157,2,regular,3,by_practice,1,20,-3.58153778332589,0.476323403316814,0.573706736149373
2,13371.3069999218,4605678.9519999,248161.131546157,2,regular,3,by_practice,1,17,-3.24177703215373,0.479587234320304,0.6113549000525
1,38.3629999160767,395.178999900818,123.126974867534,5,regular,4,by_practice,1,4,-2.96652313299412,0.505446864384652,1
1,38.3629999160767,395.178999900818,123.126974867534,5,regular,4,by_practice,1,5,-2.88881240705101,0.53219336728247,1
1,38.3629999160767,395.178999900818,123.126974867534,5,regular,4,by_practice,1,8,-2.21365071379401,0.628983816230869,1
1,38.3629999160767,395.178999900818,123.126974867534,5,regular,4,by_practice,1,6,-3.10671537602816,0.497096041264802,0.838265316175238
1,38.3629999160767,395.178999900818,123.126974867534,5,regular,4,by_practice,1,7,-2.73540541521389,0.549158517838972,1
1,38.3629999160767,395.178999900818,123.126974867534,5,regular,4,by_practice,1,14,-1.87367664184229,0.669217908546651,1
1,38.3629999160767,395.178999900818,123.126974867534,5,regular,4,by_practice,1,12,-1.98617009533958,0.667695654903178,1
1,38.3629999160767,395.178999900818,123.126974867534,5,regular,4,by_practice,1,10,-2.35194297689702,0.613128665239813,1
1,38.3629999160767,395.178999900818,123.126974867534,5,regular,4,by_practice,1,9,-2.38857273632146,0.60536307506663,1
1,38.3629999160767,395.178999900818,123.126974867534,5,regular,4,by_practice,1,13,-2.10879650024482,0.641834945723039,1
1,38.3629999160767,395.178999900818,123.126974867534,5,regular,4,by_practice,1,16,-1.56615468914504,0.750952760969938,1
1,38.3629999160767,395.178999900818,123.126974867534,5,regular,4,by_practice,1,15,-1.56595425927025,0.735344629477982,1
1,38.3629999160767,395.178999900818,123.126974867534,5,regular,4,by_practice,1,21+,-1.23589196786995,0.762803780663101,1
1,38.3629999160767,395.178999900818,123.126974867534,5,regular,4,by_practice,1,19,-1.47478977345978,0.725088622733831,1
1,38.3629999160767,395.178999900818,123.126974867534,5,regular,4,by_practice,1,17,-1.4655787489792,0.728997016324573,1
2,398.260999917984,4117.75299978256,1280.60158796898,5,regular,5,by_practice,1,4,-3.37794284705706,0.457835168514826,0.41317650319941
2,398.260999917984,4117.75299978256,1280.60158796898,5,regular,5,by_practice,1,5,-3.5645377818897,0.428394737315289,0.107465119936332
2,398.260999917984,4117.75299978256,1280.60158796898,5,regular,5,by_practice,1,8,-2.79335260051413,0.530344124733151,1
2,398.260999917984,4117.75299978256,1280.60158796898,5,regular,5,by_practice,1,6,-3.28495225417322,0.469278683868813,0.405699843768112
2,398.260999917984,4117.75299978256,1280.60158796898,5,regular,5,by_practice,1,7,-3.04559042210207,0.502610482996517,1
2,398.260999917984,4117.75299978256,1280.60158796898,5,regular,5,by_practice,1,14,-2.34299116016189,0.593147578542577,1
2,398.260999917984,4117.75299978256,1280.60158796898,5,regular,5,by_practice,1,12,-2.29157704773455,0.590826537084493,1
2,398.260999917984,4117.75299978256,1280.60158796898,5,regular,5,by_practice,1,10,-2.68769361131761,0.546171557311011,1
2,398.260999917984,4117.75299978256,1280.60158796898,5,regular,5,by_practice,1,9,-2.8810205374135,0.519199926607498,1
2,398.260999917984,4117.75299978256,1280.60158796898,5,regular,5,by_practice,1,11,-2.68419882845609,0.541005950815237,1
2,398.260999917984,4117.75299978256,1280.60158796898,5,regular,5,by_practice,1,13,-2.41806480877685,0.577985337095625,1
2,398.260999917984,4117.75299978256,1280.60158796898,5,regular,5,by_practice,1,18,-2.24021732656538,0.610833618469254,1
2,398.260999917984,4117.75299978256,1280.60158796898,5,regular,5,by_practice,1,16,-2.03336076327603,0.633837878227455,1
2,398.260999917984,4117.75299978256,1280.60158796898,5,regular,5,by_practice,1,21+,-1.6843649879124,0.67024423044877,1
3,4159.79800009727,42791.6510000229,13341.8373641248,5,regular,6,by_practice,1,4,-4.07328959010166,0.389868925768088,0.104465720156105
3,4159.79800009727,42791.6510000229,13341.8373641248,5,regular,6,by_practice,1,5,-4.25412335177738,0.374966126009783,0.0490033683643874
3,4159.79800009727,42791.6510000229,13341.8373641248,5,regular,6,by_practice,1,8,-3.53533003958316,0.448951985279031,0.341320954780918
3,4159.79800009727,42791.6510000229,13341.8373641248,5,regular,6,by_practice,1,6,-3.99183071384527,0.401935059663483,0.109924703539003
3,4159.79800009727,42791.6510000229,13341.8373641248,5,regular,6,by_practice,1,7,-3.71981081332315,0.429053277824889,0.210277348179394
3,4159.79800009727,42791.6510000229,13341.8373641248,5,regular,6,by_practice,1,14,-3.77240509299302,0.422643810387771,0.17220506587044
3,4159.79800009727,42791.6510000229,13341.8373641248,5,regular,6,by_practice,1,12,-2.98156365273136,0.497828901535773,0.957309282257082
3,4159.79800009727,42791.6510000229,13341.8373641248,5,regular,6,by_practice,1,10,-3.43862621225811,0.468356762303194,0.520210335453776
3,4159.79800009727,42791.6510000229,13341.8373641248,5,regular,6,by_practice,1,9,-3.26213051484017,0.469622778989114,0.527105894749987
3,4159.79800009727,42791.6510000229,13341.8373641248,5,regular,6,by_practice,1,11,-3.19564002441294,0.485158039713271,0.732607131992851
3,4159.79800009727,42791.6510000229,13341.8373641248,5,regular,6,by_practice,1,13,-3.07828833531141,0.500013157547271,0.967715899187365
3,4159.79800009727,42791.6510000229,13341.8373641248,5,regular,6,by_practice,1,18,-2.88050953050583,0.522975027273898,1
3,4159.79800009727,42791.6510000229,13341.8373641248,5,regular,6,by_practice,1,16,-2.26703130104787,0.582851827212685,1
3,4159.79800009727,42791.6510000229,13341.8373641248,5,regular,6,by_practice,1,15,-3.20666408643965,0.489962863513585,0.814860239181797
3,4159.79800009727,42791.6510000229,13341.8373641248,5,regular,6,by_practice,1,21+,-2.34430386564955,0.575815095420518,1
3,4159.79800009727,42791.6510000229,13341.8373641248,5,regular,6,by_practice,1,19,-2.97696294220408,0.503321841158212,1
3,4159.79800009727,42791.6510000229,13341.8373641248,5,regular,6,by_practice,1,20,-2.88354215413358,0.525918687366321,1
3,4159.79800009727,42791.6510000229,13341.8373641248,5,regular,6,by_practice,1,17,-2.55765111303619,0.542504265413843,1
4,42824.5380001068,441248.032000065,137463.60650681,5,regular,7,by_practice,1,4,-5.00429305233285,0.336460540872408,0.0196342469950712
4,42824.5380001068,441248.032000065,137463.60650681,5,regular,7,by_practice,1,5,-5.07023508248777,0.331942348352569,0.0124987230376116
4,42824.5380001068,441248.032000065,137463.60650681,5,regular,7,by_practice,1,8,-4.26956371370137,0.399262714306468,0.0889119950356135
4,42824.5380001068,441248.032000065,137463.60650681,5,regular,7,by_practice,1,6,-4.79501023377314,0.351085559657266,0.0250350620103791
4,42824.5380001068,441248.032000065,137463.60650681,5,regular,7,by_practice,1,7,-4.54372593810186,0.376914423139637,0.0504243221379514
4,42824.5380001068,441248.032000065,137463.60650681,5,regular,7,by_practice,1,14,-3.60743825221454,0.446763883928194,0.277502791778112
4,42824.5380001068,441248.032000065,137463.60650681,5,regular,7,by_practice,1,12,-3.82039394679639,0.430301521030113,0.188134391079751
4,42824.5380001068,441248.032000065,137463.60650681,5,regular,7,by_practice,1,10,-4.03517416273282,0.415246661576029,0.129055594476005
4,42824.5380001068,441248.032000065,137463.60650681,5,regular,7,by_practice,1,9,-4.20111806399311,0.408003446334872,0.113840954181885
4,42824.5380001068,441248.032000065,137463.60650681,5,regular,7,by_practice,1,11,-3.88753883085186,0.432545212253191,0.191335472256457
4,42824.5380001068,441248.032000065,137463.60650681,5,regular,7,by_practice,1,13,-3.73685947339695,0.439080594519558,0.234323165715218
4,42824.5380001068,441248.032000065,137463.60650681,5,regular,7,by_practice,1,18,-3.77293658591998,0.441361090749505,0.245811365926096
4,42824.5380001068,441248.032000065,137463.60650681,5,regular,7,by_practice,1,16,-3.44956878859847,0.473296062939727,0.533647297150155
4,42824.5380001068,441248.032000065,137463.60650681,5,regular,7,by_practice,1,15,-3.50791452401628,0.457991578892749,0.362703680130586
4,42824.5380001068,441248.032000065,137463.60650681,5,regular,7,by_practice,1,21+,-2.87689290091678,0.51262916609527,1
4,42824.5380001068,441248.032000065,137463.60650681,5,regular,7,by_practice,1,19,-3.41520195858267,0.47940183455617,0.618469680767975
4,42824.5380001068,441248.032000065,137463.60650681,5,regular,7,by_practice,1,20,-3.40850462152503,0.471005389020007,0.50979626922276
4,42824.5380001068,441248.032000065,137463.60650681,5,regular,7,by_practice,1,17,-3.37291464422918,0.466106670650419,0.442341325147011
5,444687.072000027,4605678.9519999,1431113.51322562,5,regular,8,by_practice,1,4,-5.74938851364426,0.30574595653462,0.00464774359970244
5,444687.072000027,4605678.9519999,1431113.51322562,5,regular,8,by_practice,1,5,-5.51781648549736,0.32118856741235,0.0072388920192573
5,444687.072000027,4605678.9519999,1431113.51322562,5,regular,8,by_practice,1,8,-4.61007714533929,0.387056457119744,0.046480801610496
5,444687.072000027,4605678.9519999,1431113.51322562,5,regular,8,by_practice,1,6,-5.1954426780221,0.342134104167034,0.0127859564406908
5,444687.072000027,4605678.9519999,1431113.51322562,5,regular,8,by_practice,1,7,-4.87899096807259,0.367069261538441,0.0271744470491608
5,444687.072000027,4605678.9519999,1431113.51322562,5,regular,8,by_practice,1,14,-4.27222492110329,0.410719492115986,0.0935288125927432
5,444687.072000027,4605678.9519999,1431113.51322562,5,regular,8,by_practice,1,12,-4.23063793546452,0.410809562767188,0.0875907784023378
5,444687.072000027,4605678.9519999,1431113.51322562,5,regular,8,by_practice,1,10,-4.27113760204044,0.412303543852883,0.095965240964832
5,444687.072000027,4605678.9519999,1431113.51322562,5,regular,8,by_practice,1,9,-4.72860290623834,0.378993791807822,0.0385499983686664
5,444687.072000027,4605678.9519999,1431113.51322562,5,regular,8,by_practice,1,11,-4.32816515310933,0.406847772524913,0.0807515264389936
5,444687.072000027,4605678.9519999,1431113.51322562,5,regular,8,by_practice,1,13,-3.86474271362449,0.440353727030555,0.199916804044838
5,444687.072000027,4605678.9519999,1431113.51322562,5,regular,8,by_practice,1,18,-4.42449377416253,0.40198752117159,0.0682396830962791
5,444687.072000027,4605678.9519999,1431113.51322562,5,regular,8,by_practice,1,16,-4.09729271400159,0.432737677590311,0.157485611694761
5,444687.072000027,4605678.9519999,1431113.51322562,5,regular,8,by_practice,1,15,-3.53286896102347,0.463182707000854,0.374110266039811
5,444687.072000027,4605678.9519999,1431113.51322562,5,regular,8,by_practice,1,21+,-3.54473276425202,0.458911910361624,0.334858822632126
5,444687.072000027,4605678.9519999,1431113.51322562,5,regular,8,by_practice,1,19,-3.04976943272878,0.502145147564646,1
5,444687.072000027,4605678.9519999,1431113.51322562,5,regular,8,by_practice,1,20,-4.09704176875604,0.426214948703982,0.131701551138023
5,444687.072000027,4605678.9519999,1431113.51322562,5,regular,8,by_practice,1,17,-3.24188670494146,0.484786180748695,0.65951349543615
1,38.3629999160767,121.253999948502,68.2031318184755,10,regular,9,by_practice,1,4,-2.78981343662929,0.532536869673302,1
1,38.3629999160767,121.253999948502,68.2031318184755,10,regular,9,by_practice,1,5,-2.85327611434882,0.547428388536661,1
1,38.3629999160767,121.253999948502,68.2031318184755,10,regular,9,by_practice,1,8,-1.84632763129799,0.689104859160031,1
1,38.3629999160767,121.253999948502,68.2031318184755,10,regular,9,by_practice,1,6,-2.74717084021163,0.559706738872633,1
1,38.3629999160767,121.253999948502,68.2031318184755,10,regular,9,by_practice,1,7,-2.51131014972295,0.601897937924433,1
1,38.3629999160767,121.253999948502,68.2031318184755,10,regular,9,by_practice,1,12,-1.89671637642526,0.72829903688248,1
1,38.3629999160767,121.253999948502,68.2031318184755,10,regular,9,by_practice,1,10,-2.63918505863473,0.585352606612644,1
1,38.3629999160767,121.253999948502,68.2031318184755,10,regular,9,by_practice,1,9,-2.2374287308942,0.639524211960318,1
1,38.3629999160767,121.253999948502,68.2031318184755,10,regular,9,by_practice,1,13,-2.07116985273698,0.657295020193718,1
1,38.3629999160767,121.253999948502,68.2031318184755,10,regular,9,by_practice,1,16,-1.27269302611358,0.762788856392558,1
1,38.3629999160767,121.253999948502,68.2031318184755,10,regular,9,by_practice,1,15,-1.26568026648801,0.781597587255169,1
1,38.3629999160767,121.253999948502,68.2031318184755,10,regular,9,by_practice,1,21+,-1.17959437859524,0.794712155433873,1
1,38.3629999160767,121.253999948502,68.2031318184755,10,regular,9,by_practice,1,17,-0.756663703185928,0.883415870700483,1
2,123.598999977112,395.178999900818,221.00617457369,10,regular,10,by_practice,1,4,-3.11704764094468,0.480525413668639,0.533341024780141
2,123.598999977112,395.178999900818,221.00617457369,10,regular,10,by_practice,1,5,-2.91040847127911,0.525444028987464,1
2,123.598999977112,395.178999900818,221.00617457369,10,regular,10,by_practice,1,8,-2.647315205534,0.563368091763707,1
2,123.598999977112,395.178999900818,221.00617457369,10,regular,10,by_practice,1,6,-3.44201179135822,0.441011733878064,3.94430452610506e-31
2,123.598999977112,395.178999900818,221.00617457369,10,regular,10,by_practice,1,7,-2.93231018070924,0.514554068501045,1
2,123.598999977112,395.178999900818,221.00617457369,10,regular,10,by_practice,1,14,-1.67317922833881,0.697866693198846,1
2,123.598999977112,395.178999900818,221.00617457369,10,regular,10,by_practice,1,12,-2.0383907422352,0.652469360579085,1
2,123.598999977112,395.178999900818,221.00617457369,10,regular,10,by_practice,1,10,-2.26755258951494,0.618142920659087,1
2,123.598999977112,395.178999900818,221.00617457369,10,regular,10,by_practice,1,9,-2.46902998564093,0.596051603119021,1
2,123.598999977112,395.178999900818,221.00617457369,10,regular,10,by_practice,1,13,-2.1262726767851,0.637266473704236,1
2,123.598999977112,395.178999900818,221.00617457369,10,regular,10,by_practice,1,15,-1.76273561979341,0.70204665761691,1
2,123.598999977112,395.178999900818,221.00617457369,10,regular,10,by_practice,1,21+,-1.25416625700054,0.75636598873065,1
2,123.598999977112,395.178999900818,221.00617457369,10,regular,10,by_practice,1,19,-1.22918513967941,0.763708516617658,1
3,398.260999917984,1281.28500008583,714.342946569851,10,regular,11,by_practice,1,4,-3.24737663273299,0.466542993674099,0.465309830775456
3,398.260999917984,1281.28500008583,714.342946569851,10,regular,11,by_practice,1,5,-3.30561274610179,0.463034205248249,0.364276540634508
3,398.260999917984,1281.28500008583,714.342946569851,10,regular,11,by_practice,1,8,-2.57787878925572,0.554052734048809,1
3,398.260999917984,1281.28500008583,714.342946569851,10,regular,11,by_practice,1,6,-3.13822035691702,0.480379821873666,0.585409625668999
3,398.260999917984,1281.28500008583,714.342946569851,10,regular,11,by_practice,1,7,-2.78177028503877,0.53118475124278,1
3,398.260999917984,1281.28500008583,714.342946569851,10,regular,11,by_practice,1,14,-2.1734730211799,0.62392415804185,1
3,398.260999917984,1281.28500008583,714.342946569851,10,regular,11,by_practice,1,12,-2.17240302603969,0.609971064012477,1
3,398.260999917984,1281.28500008583,714.342946569851,10,regular,11,by_practice,1,10,-2.60830257479941,0.552950949158289,1
3,398.260999917984,1281.28500008583,714.342946569851,10,regular,11,by_practice,1,9,-2.5938099052852,0.555061299641054,1
3,398.260999917984,1281.28500008583,714.342946569851,10,regular,11,by_practice,1,11,-2.58341213617788,0.562604173238736,1
3,398.260999917984,1281.28500008583,714.342946569851,10,regular,11,by_practice,1,13,-2.50567864215237,0.568858698305871,1
3,398.260999917984,1281.28500008583,714.342946569851,10,regular,11,by_practice,1,16,-1.96312859377138,0.637312961191849,1
3,398.260999917984,1281.28500008583,714.342946569851,10,regular,11,by_practice,1,21+,-1.31238799616836,0.738196841678838,1
4,1285.92199993134,4117.75299978256,2301.11042166682,10,regular,12,by_practice,1,4,-3.50296033669352,0.435966913496714,0.289528958216439
4,1285.92199993134,4117.75299978256,2301.11042166682,10,regular,12,by_practice,1,5,-3.73098164732922,0.410526678105021,0.0363614787749111
4,1285.92199993134,4117.75299978256,2301.11042166682,10,regular,12,by_practice,1,8,-2.88903024664104,0.515044467436258,1
4,1285.92199993134,4117.75299978256,2301.11042166682,10,regular,12,by_practice,1,6,-3.37617338674933,0.456112953817255,0.34651290417856
4,1285.92199993134,4117.75299978256,2301.11042166682,10,regular,12,by_practice,1,7,-3.22209057210011,0.474125613062955,0.583616507728569
4,1285.92199993134,4117.75299978256,2301.11042166682,10,regular,12,by_practice,1,14,-2.58344985863865,0.567532101300929,1
4,1285.92199993134,4117.75299978256,2301.11042166682,10,regular,12,by_practice,1,12,-2.36633579247693,0.57718168458254,1
4,1285.92199993134,4117.75299978256,2301.11042166682,10,regular,12,by_practice,1,10,-2.73110786407141,0.534146258553631,1
4,1285.92199993134,4117.75299978256,2301.11042166682,10,regular,12,by_practice,1,9,-3.05162883531723,0.496315480049779,0.929777482825853
4,1285.92199993134,4117.75299978256,2301.11042166682,10,regular,12,by_practice,1,11,-2.73174323402078,0.532196051891506,1
4,1285.92199993134,4117.75299978256,2301.11042166682,10,regular,12,by_practice,1,13,-2.38186321591618,0.590243199971094,1
4,1285.92199993134,4117.75299978256,2301.11042166682,10,regular,12,by_practice,1,18,-2.04205881423023,0.617130314005806,1
4,1285.92199993134,4117.75299978256,2301.11042166682,10,regular,12,by_practice,1,16,-2.06919639074533,0.6105352401929,1
4,1285.92199993134,4117.75299978256,2301.11042166682,10,regular,12,by_practice,1,21+,-1.91188576124198,0.640518068419176,1
5,4159.79800009727,13238.1209998131,7420.77551608107,10,regular,13,by_practice,1,4,-3.84838571002136,0.404722012384958,0.145553726136294
5,4159.79800009727,13238.1209998131,7420.77551608107,10,regular,13,by_practice,1,5,-4.00093929691444,0.387615684617876,0.075370219112238
5,4159.79800009727,13238.1209998131,7420.77551608107,10,regular,13,by_practice,1,8,-3.43396977634058,0.450726450197194,0.346396933116177
5,4159.79800009727,13238.1209998131,7420.77551608107,10,regular,13,by_practice,1,6,-3.70451229847465,0.423088683945129,0.181236077107347
5,4159.79800009727,13238.1209998131,7420.77551608107,10,regular,13,by_practice,1,7,-3.53784661172026,0.43714292437829,0.277188883949169
5,4159.79800009727,13238.1209998131,7420.77551608107,10,regular,13,by_practice,1,14,-2.96258389359907,0.504871406477668,0.999729298247747
5,4159.79800009727,13238.1209998131,7420.77551608107,10,regular,13,by_practice,1,12,-2.87120519054711,0.52234673273632,1
5,4159.79800009727,13238.1209998131,7420.77551608107,10,regular,13,by_practice,1,10,-3.20163519424702,0.474613660338625,0.596945301672713
5,4159.79800009727,13238.1209998131,7420.77551608107,10,regular,13,by_practice,1,9,-2.91022045256036,0.507608789598974,1
5,4159.79800009727,13238.1209998131,7420.77551608107,10,regular,13,by_practice,1,11,-2.97577375040295,0.507836771886547,1
5,4159.79800009727,13238.1209998131,7420.77551608107,10,regular,13,by_practice,1,13,-2.68380242257983,0.539403138566622,1
5,4159.79800009727,13238.1209998131,7420.77551608107,10,regular,13,by_practice,1,18,-2.69677378016107,0.530624598456827,1
5,4159.79800009727,13238.1209998131,7420.77551608107,10,regular,13,by_practice,1,16,-2.00286472145514,0.605178007915973,1
5,4159.79800009727,13238.1209998131,7420.77551608107,10,regular,13,by_practice,1,21+,-2.31610980636096,0.572090969309681,1
6,13371.3069999218,42791.6510000229,23920.2906034776,10,regular,14,by_practice,1,4,-4.24249357305871,0.38070016694509,0.0776839475596262
6,13371.3069999218,42791.6510000229,23920.2906034776,10,regular,14,by_practice,1,5,-4.37957719588235,0.367490915066624,0.0384331344506532
6,13371.3069999218,42791.6510000229,23920.2906034776,10,regular,14,by_practice,1,8,-3.58362098993768,0.447600046907255,0.334660349169225
6,13371.3069999218,42791.6510000229,23920.2906034776,10,regular,14,by_practice,1,6,-4.16303992159004,0.388472473405146,0.0729110298118476
6,13371.3069999218,42791.6510000229,23920.2906034776,10,regular,14,by_practice,1,7,-3.8137417143328,0.423572980806822,0.186798113580288
6,13371.3069999218,42791.6510000229,23920.2906034776,10,regular,14,by_practice,1,12,-3.02759874593183,0.503807707021525,1
6,13371.3069999218,42791.6510000229,23920.2906034776,10,regular,14,by_practice,1,10,-3.6719968385815,0.434393863129077,0.249098680767509
6,13371.3069999218,42791.6510000229,23920.2906034776,10,regular,14,by_practice,1,9,-3.49972681931948,0.454402051758981,0.385220180592233
6,13371.3069999218,42791.6510000229,23920.2906034776,10,regular,14,by_practice,1,11,-3.37650454153646,0.469239786190492,0.519263554259933
6,13371.3069999218,42791.6510000229,23920.2906034776,10,regular,14,by_practice,1,13,-3.40391756707472,0.466846115297544,0.484770532476633
6,13371.3069999218,42791.6510000229,23920.2906034776,10,regular,14,by_practice,1,16,-2.73892800008364,0.526664221284344,1
6,13371.3069999218,42791.6510000229,23920.2906034776,10,regular,14,by_practice,1,15,-3.03981826894351,0.500541119411574,1
6,13371.3069999218,42791.6510000229,23920.2906034776,10,regular,14,by_practice,1,21+,-2.36047996710369,0.568470828964797,1
6,13371.3069999218,42791.6510000229,23920.2906034776,10,regular,14,by_practice,1,20,-2.77176783994897,0.515432701392384,1
6,13371.3069999218,42791.6510000229,23920.2906034776,10,regular,14,by_practice,1,17,-2.45721620125074,0.562349896986763,1
7,42824.5380001068,137553.312999964,76750.6161513218,10,regular,15,by_practice,1,4,-4.92906007158322,0.327976362931707,0.0169433726466912
7,42824.5380001068,137553.312999964,76750.6161513218,10,regular,15,by_practice,1,5,-4.95140498174893,0.32681761600564,0.0130356883333715
7,42824.5380001068,137553.312999964,76750.6161513218,10,regular,15,by_practice,1,8,-4.16799317264598,0.395163505117451,0.0878710607102874
7,42824.5380001068,137553.312999964,76750.6161513218,10,regular,15,by_practice,1,6,-4.66029285204323,0.351670015357248,0.0287878388236243
7,42824.5380001068,137553.312999964,76750.6161513218,10,regular,15,by_practice,1,7,-4.44511509700702,0.371434330614127,0.048238416398101
7,42824.5380001068,137553.312999964,76750.6161513218,10,regular,15,by_practice,1,14,-3.7123609875617,0.434160036509916,0.216566685918065
7,42824.5380001068,137553.312999964,76750.6161513218,10,regular,15,by_practice,1,12,-3.85282440628308,0.423142999838189,0.169335184343226
7,42824.5380001068,137553.312999964,76750.6161513218,10,regular,15,by_practice,1,10,-3.89161745692129,0.419422650306349,0.156863712570285
7,42824.5380001068,137553.312999964,76750.6161513218,10,regular,15,by_practice,1,9,-4.14284473739544,0.397748689858978,0.0940077857178772
7,42824.5380001068,137553.312999964,76750.6161513218,10,regular,15,by_practice,1,11,-3.791196281836,0.427964401882998,0.189259736697481
7,42824.5380001068,137553.312999964,76750.6161513218,10,regular,15,by_practice,1,13,-3.72259307300307,0.433661300446907,0.217301758331441
7,42824.5380001068,137553.312999964,76750.6161513218,10,regular,15,by_practice,1,18,-3.84506572044581,0.424912078370027,0.173024482029603
7,42824.5380001068,137553.312999964,76750.6161513218,10,regular,15,by_practice,1,16,-3.49067013251831,0.45643704857832,0.369709383388277
7,42824.5380001068,137553.312999964,76750.6161513218,10,regular,15,by_practice,1,15,-3.37944200766965,0.463753566018018,0.437202960873071
7,42824.5380001068,137553.312999964,76750.6161513218,10,regular,15,by_practice,1,21+,-2.81905524485693,0.515355765932283,1
7,42824.5380001068,137553.312999964,76750.6161513218,10,regular,15,by_practice,1,19,-3.42329828020305,0.458861570276584,0.383904199959031
7,42824.5380001068,137553.312999964,76750.6161513218,10,regular,15,by_practice,1,20,-3.17892617741212,0.488605561122144,0.771709215339825
7,42824.5380001068,137553.312999964,76750.6161513218,10,regular,15,by_practice,1,17,-3.20036078538405,0.483534142026142,0.687128566660852
8,138609.907999992,441248.032000065,247308.206739499,10,regular,16,by_practice,1,4,-5.09786113127284,0.330602166432004,0.0139561256016943
8,138609.907999992,441248.032000065,247308.206739499,10,regular,16,by_practice,1,5,-5.16046866184595,0.327333057737461,0.0108395475036846
8,138609.907999992,441248.032000065,247308.206739499,10,regular,16,by_practice,1,8,-4.35711147341945,0.390138252324435,0.0641402286432538
8,138609.907999992,441248.032000065,247308.206739499,10,regular,16,by_practice,1,6,-4.88943279147181,0.347192698023521,0.0202210434315278
8,138609.907999992,441248.032000065,247308.206739499,10,regular,16,by_practice,1,7,-4.61954859277181,0.368967908592109,0.0359526503417718
8,138609.907999992,441248.032000065,247308.206739499,10,regular,16,by_practice,1,14,-3.544225776451,0.455922258822442,0.331716523275269
8,138609.907999992,441248.032000065,247308.206739499,10,regular,16,by_practice,1,12,-3.79844285451775,0.435453772067309,0.197925850425327
8,138609.907999992,441248.032000065,247308.206739499,10,regular,16,by_practice,1,10,-4.14871452161254,0.407592659965764,0.0985389420611316
8,138609.907999992,441248.032000065,247308.206739499,10,regular,16,by_practice,1,9,-4.25686937272462,0.398549682969197,0.0778847418299387
8,138609.907999992,441248.032000065,247308.206739499,10,regular,16,by_practice,1,11,-3.96706892557019,0.420747338516991,0.136632395677999
8,138609.907999992,441248.032000065,247308.206739499,10,regular,16,by_practice,1,13,-3.74730236051331,0.444151656269069,0.253536286471099
8,138609.907999992,441248.032000065,247308.206739499,10,regular,16,by_practice,1,18,-3.73286977669655,0.439170630308498,0.216027978138598
8,138609.907999992,441248.032000065,247308.206739499,10,regular,16,by_practice,1,16,-3.41279259319947,0.464861041403308,0.410176598143028
8,138609.907999992,441248.032000065,247308.206739499,10,regular,16,by_practice,1,15,-3.58742651136786,0.448419608613806,0.270103094656527
8,138609.907999992,441248.032000065,247308.206739499,10,regular,16,by_practice,1,21+,-2.91786691577756,0.504758848741367,1
8,138609.907999992,441248.032000065,247308.206739499,10,regular,16,by_practice,1,19,-3.4055365466878,0.467296136597884,0.435648562627937
8,138609.907999992,441248.032000065,247308.206739499,10,regular,16,by_practice,1,20,-3.75972609238597,0.439859688322364,0.226865162012395
8,138609.907999992,441248.032000065,247308.206739499,10,regular,16,by_practice,1,17,-3.49024124762756,0.457967587333881,0.349148374236848
9,444687.072000027,1410000.22900009,791838.91881709,10,regular,17,by_practice,1,4,-5.59917028283199,0.309459449925352,0.00558050943112119
9,444687.072000027,1410000.22900009,791838.91881709,10,regular,17,by_practice,1,5,-5.41889698786349,0.322702239029628,0.00755700952215833
9,444687.072000027,1410000.22900009,791838.91881709,10,regular,17,by_practice,1,8,-4.55458129458597,0.386232522088525,0.0472684428754212
9,444687.072000027,1410000.22900009,791838.91881709,10,regular,17,by_practice,1,6,-5.15646138137099,0.341713925776556,0.0135814160121904
9,444687.072000027,1410000.22900009,791838.91881709,10,regular,17,by_practice,1,7,-4.86115437158767,0.364050054412051,0.0253265618286159
9,444687.072000027,1410000.22900009,791838.91881709,10,regular,17,by_practice,1,14,-4.2144682884879,0.411036100170364,0.0948914996763123
9,444687.072000027,1410000.22900009,791838.91881709,10,regular,17,by_practice,1,12,-4.2360312137043,0.410252262178773,0.0882924121942501
9,444687.072000027,1410000.22900009,791838.91881709,10,regular,17,by_practice,1,10,-4.21541899647376,0.410991313470364,0.0925191061405357
9,444687.072000027,1410000.22900009,791838.91881709,10,regular,17,by_practice,1,9,-4.6723029508867,0.378547163659942,0.0379926104451061
9,444687.072000027,1410000.22900009,791838.91881709,10,regular,17,by_practice,1,11,-4.19697323566317,0.411860166088571,0.0939023271235031
9,444687.072000027,1410000.22900009,791838.91881709,10,regular,17,by_practice,1,13,-3.90633615007758,0.433619176442855,0.166139522141044
9,444687.072000027,1410000.22900009,791838.91881709,10,regular,17,by_practice,1,18,-4.08461947347584,0.41751173803969,0.104477936195999
9,444687.072000027,1410000.22900009,791838.91881709,10,regular,17,by_practice,1,16,-3.98508940535669,0.426821373029688,0.140863302278892
9,444687.072000027,1410000.22900009,791838.91881709,10,regular,17,by_practice,1,15,-3.58214230516921,0.457397138800118,0.32224150228432
9,444687.072000027,1410000.22900009,791838.91881709,10,regular,17,by_practice,1,21+,-3.52353555459711,0.453259912627848,0.285888301228656
9,444687.072000027,1410000.22900009,791838.91881709,10,regular,17,by_practice,1,19,-3.04976943272878,0.502145147564646,1
9,444687.072000027,1410000.22900009,791838.91881709,10,regular,17,by_practice,1,20,-4.30257734032831,0.401670052303625,0.0665410130554253
9,444687.072000027,1410000.22900009,791838.91881709,10,regular,17,by_practice,1,17,-2.91235894391703,0.505682846112479,1
10,1458368.50699997,4605678.9519999,2591674.58160728,10,regular,18,by_practice,1,4,-6.1537809854445,0.28410203197298,0.00151369223091059
10,1458368.50699997,4605678.9519999,2591674.58160728,10,regular,18,by_practice,1,5,-5.87507812667458,0.302558809405401,0.00263512177460295
10,1458368.50699997,4605678.9519999,2591674.58160728,10,regular,18,by_practice,1,8,-4.88068459261919,0.371989042320555,0.0236821478568846
10,1458368.50699997,4605678.9519999,2591674.58160728,10,regular,18,by_practice,1,6,-5.42680806212809,0.333570071146166,0.00682067479469039
10,1458368.50699997,4605678.9519999,2591674.58160728,10,regular,18,by_practice,1,7,-5.01993138186975,0.359772182440081,0.0150161184784279
10,1458368.50699997,4605678.9519999,2591674.58160728,10,regular,18,by_practice,1,12,-4.16849856238108,0.419759738278286,0.0972317141950506
10,1458368.50699997,4605678.9519999,2591674.58160728,10,regular,18,by_practice,1,10,-4.64358055503132,0.382538450217054,0.0300883487033484
10,1458368.50699997,4605678.9519999,2591674.58160728,10,regular,18,by_practice,1,9,-5.13601899149226,0.351117926202487,0.0118083238592864
10,1458368.50699997,4605678.9519999,2591674.58160728,10,regular,18,by_practice,1,11,-5.08711859991145,0.355750086155731,0.0133543710289779
10,1458368.50699997,4605678.9519999,2591674.58160728,10,regular,18,by_practice,1,16,-4.265946153795,0.413139749466173,0.0743474384207792
10,1458368.50699997,4605678.9519999,2591674.58160728,10,regular,18,by_practice,1,21+,-3.66028723262902,0.456107508116724,0.278663493012687
10,1458368.50699997,4605678.9519999,2591674.58160728,10,regular,18,by_practice,1,17,-4.04791682431797,0.42333796495844,0.101040393260397
1,38.3629999160767,68.6730000972748,51.3274029828949,20,regular,19,by_practice,1,4,-2.90985644223219,0.510456041840489,1
1,38.3629999160767,68.6730000972748,51.3274029828949,20,regular,19,by_practice,1,5,-3.2024354477151,0.497182098973376,0.723460633345901
1,38.3629999160767,68.6730000972748,51.3274029828949,20,regular,19,by_practice,1,8,-2.21204054738945,0.643554337794961,1
1,38.3629999160767,68.6730000972748,51.3274029828949,20,regular,19,by_practice,1,6,-2.75677764526714,0.577291056909645,1
1,38.3629999160767,68.6730000972748,51.3274029828949,20,regular,19,by_practice,1,7,-2.46402704375245,0.596655370935472,1
2,68.949000120163,121.253999948502,91.4349061191595,20,regular,20,by_practice,1,4,-2.77024762301761,0.536101141116345,1
2,68.949000120163,121.253999948502,91.4349061191595,20,regular,20,by_practice,1,5,-2.78558450820923,0.557094841364638,1
2,68.949000120163,121.253999948502,91.4349061191595,20,regular,20,by_practice,1,8,-1.75778373877767,0.699747766820101,1
2,68.949000120163,121.253999948502,91.4349061191595,20,regular,20,by_practice,1,6,-2.74508354488421,0.555785124657067,1
2,68.949000120163,121.253999948502,91.4349061191595,20,regular,20,by_practice,1,7,-2.52597425256607,0.606245371159402,1
2,68.949000120163,121.253999948502,91.4349061191595,20,regular,20,by_practice,1,12,-1.62530591585735,0.757468648112336,1
2,68.949000120163,121.253999948502,91.4349061191595,20,regular,20,by_practice,1,10,-2.58192525201091,0.596107394127913,1
2,68.949000120163,121.253999948502,91.4349061191595,20,regular,20,by_practice,1,9,-2.08582915893816,0.661926327332325,1
2,68.949000120163,121.253999948502,91.4349061191595,20,regular,20,by_practice,1,13,-1.83395419973828,0.690009686916154,1
2,68.949000120163,121.253999948502,91.4349061191595,20,regular,20,by_practice,1,16,-1.27269302611358,0.762788856392558,1
2,68.949000120163,121.253999948502,91.4349061191595,20,regular,20,by_practice,1,21+,-1.17959437859524,0.794712155433873,1
2,68.949000120163,121.253999948502,91.4349061191595,20,regular,20,by_practice,1,17,-0.756663703185928,0.883415870700483,1
3,123.598999977112,220.978999853134,165.265796212615,20,regular,21,by_practice,1,4,-3.0161271375838,0.496867005472971,0.897164047328261
3,123.598999977112,220.978999853134,165.265796212615,20,regular,21,by_practice,1,5,-2.76745435726807,0.561393143434626,1
3,123.598999977112,220.978999853134,165.265796212615,20,regular,21,by_practice,1,8,-2.71376019648126,0.557966715530165,1
3,123.598999977112,220.978999853134,165.265796212615,20,regular,21,by_practice,1,6,-3.33033308857189,0.46161360755737,3.94430452610506e-31
3,123.598999977112,220.978999853134,165.265796212615,20,regular,21,by_practice,1,7,-3.37045273917471,0.455491117396982,3.94430452610506e-31
3,123.598999977112,220.978999853134,165.265796212615,20,regular,21,by_practice,1,12,-1.78442886435497,0.698843725525819,1
3,123.598999977112,220.978999853134,165.265796212615,20,regular,21,by_practice,1,10,-2.1726084859244,0.643210999957588,1
3,123.598999977112,220.978999853134,165.265796212615,20,regular,21,by_practice,1,9,-2.38861432905101,0.611342283195524,1
3,123.598999977112,220.978999853134,165.265796212615,20,regular,21,by_practice,1,13,-2.05256279921446,0.665186562632243,1
3,123.598999977112,220.978999853134,165.265796212615,20,regular,21,by_practice,1,15,-1.51712270649655,0.703476907434889,1
3,123.598999977112,220.978999853134,165.265796212615,20,regular,21,by_practice,1,21+,-1.03975820579946,0.784359783656032,1
3,123.598999977112,220.978999853134,165.265796212615,20,regular,21,by_practice,1,19,-0.880082383187801,0.816124313445759,1
4,224.68799996376,395.178999900818,297.979830047931,20,regular,22,by_practice,1,4,-3.21743672926092,0.465773808298915,0.357236037723188
4,224.68799996376,395.178999900818,297.979830047931,20,regular,22,by_practice,1,5,-3.02804433364915,0.508133726336196,1
4,224.68799996376,395.178999900818,297.979830047931,20,regular,22,by_practice,1,8,-2.60985697193398,0.563795522424915,1
4,224.68799996376,395.178999900818,297.979830047931,20,regular,22,by_practice,1,6,-3.53397824352711,0.428663573375843,3.94430452610506e-31
4,224.68799996376,395.178999900818,297.979830047931,20,regular,22,by_practice,1,7,-2.76832522894459,0.536689526772919,1
4,224.68799996376,395.178999900818,297.979830047931,20,regular,22,by_practice,1,14,-1.55496335383802,0.709898376879408,1
4,224.68799996376,395.178999900818,297.979830047931,20,regular,22,by_practice,1,12,-2.32356723862918,0.604943579279044,1
4,224.68799996376,395.178999900818,297.979830047931,20,regular,22,by_practice,1,10,-2.32283198476047,0.6062285093295,1
4,224.68799996376,395.178999900818,297.979830047931,20,regular,22,by_practice,1,9,-2.50569115915064,0.589054663652537,1
4,224.68799996376,395.178999900818,297.979830047931,20,regular,22,by_practice,1,13,-2.19105797779766,0.628698467843234,1
4,224.68799996376,395.178999900818,297.979830047931,20,regular,22,by_practice,1,21+,-1.5236310023762,0.718406593412219,1
5,398.260999917984,713.151999950409,532.935857860737,20,regular,23,by_practice,1,4,-3.36271365593947,0.446732343286197,0.18273335334843
5,398.260999917984,713.151999950409,532.935857860737,20,regular,23,by_practice,1,5,-3.19502964183377,0.479321394130122,0.576159162413652
5,398.260999917984,713.151999950409,532.935857860737,20,regular,23,by_practice,1,8,-2.07504141239606,0.641300463297393,1
5,398.260999917984,713.151999950409,532.935857860737,20,regular,23,by_practice,1,6,-3.23174570705074,0.472038574566739,0.433095557801976
5,398.260999917984,713.151999950409,532.935857860737,20,regular,23,by_practice,1,7,-2.6763212950232,0.557451803757282,1
5,398.260999917984,713.151999950409,532.935857860737,20,regular,23,by_practice,1,10,-2.68591233983433,0.541818167207076,1
5,398.260999917984,713.151999950409,532.935857860737,20,regular,23,by_practice,1,9,-2.31027383667164,0.605695715080453,1
5,398.260999917984,713.151999950409,532.935857860737,20,regular,23,by_practice,1,16,-1.28396985797662,0.718340232562523,1
5,398.260999917984,713.151999950409,532.935857860737,20,regular,23,by_practice,1,21+,-1.46152204789075,0.731561861846839,1
6,719.106000185013,1281.28500008583,959.885269971769,20,regular,24,by_practice,1,4,-3.17486021515962,0.475318698196531,0.609089997041895
6,719.106000185013,1281.28500008583,959.885269971769,20,regular,24,by_practice,1,5,-3.38287717131203,0.452775693505352,0.253952718578709
6,719.106000185013,1281.28500008583,959.885269971769,20,regular,24,by_practice,1,8,-3.00675715334327,0.498831333711294,0.972048419332889
6,719.106000185013,1281.28500008583,959.885269971769,20,regular,24,by_practice,1,6,-3.08262976625456,0.489320687301653,0.771368937846657
6,719.106000185013,1281.28500008583,959.885269971769,20,regular,24,by_practice,1,7,-2.85103994887237,0.520425895388524,1
6,719.106000185013,1281.28500008583,959.885269971769,20,regular,24,by_practice,1,14,-1.75730630298235,0.671168041527937,1
6,719.106000185013,1281.28500008583,959.885269971769,20,regular,24,by_practice,1,12,-1.88322069000751,0.649220283502975,1
6,719.106000185013,1281.28500008583,959.885269971769,20,regular,24,by_practice,1,10,-2.57877508368643,0.558608108998329,1
6,719.106000185013,1281.28500008583,959.885269971769,20,regular,24,by_practice,1,9,-2.91102345290749,0.511968181841516,1
6,719.106000185013,1281.28500008583,959.885269971769,20,regular,24,by_practice,1,11,-2.10603499487897,0.622762817192629,1
6,719.106000185013,1281.28500008583,959.885269971769,20,regular,24,by_practice,1,13,-2.14304854990904,0.622470685785345,1
6,719.106000185013,1281.28500008583,959.885269971769,20,regular,24,by_practice,1,21+,-1.09040799810243,0.762749995404717,1
7,1285.92199993134,2299.80999994278,1719.70237965426,20,regular,25,by_practice,1,4,-3.31276403010694,0.460208027833224,0.455417242557351
7,1285.92199993134,2299.80999994278,1719.70237965426,20,regular,25,by_practice,1,5,-3.5359564599259,0.431841585712212,0.108336511104448
7,1285.92199993134,2299.80999994278,1719.70237965426,20,regular,25,by_practice,1,8,-2.75289263308919,0.5343343160774,1
7,1285.92199993134,2299.80999994278,1719.70237965426,20,regular,25,by_practice,1,6,-3.28360884708824,0.462817191529093,0.409165970739221
7,1285.92199993134,2299.80999994278,1719.70237965426,20,regular,25,by_practice,1,7,-3.00732249816434,0.498698176436628,0.974847684557806
7,1285.92199993134,2299.80999994278,1719.70237965426,20,regular,25,by_practice,1,12,-2.13520035524383,0.609559284171194,1
7,1285.92199993134,2299.80999994278,1719.70237965426,20,regular,25,by_practice,1,10,-2.59840123477068,0.552257255905036,1
7,1285.92199993134,2299.80999994278,1719.70237965426,20,regular,25,by_practice,1,9,-2.94832311115836,0.507051754706886,1
7,1285.92199993134,2299.80999994278,1719.70237965426,20,regular,25,by_practice,1,11,-2.86906687404544,0.518473905902058,1
7,1285.92199993134,2299.80999994278,1719.70237965426,20,regular,25,by_practice,1,16,-1.58022900382989,0.681843223709259,1
8,2304.1139998436,4117.75299978256,3080.22277355015,20,regular,26,by_practice,1,4,-3.66375690508506,0.420228468979999,0.203408605312038
8,2304.1139998436,4117.75299978256,3080.22277355015,20,regular,26,by_practice,1,5,-3.90193999015952,0.390310158960385,0.00397000116367209
8,2304.1139998436,4117.75299978256,3080.22277355015,20,regular,26,by_practice,1,8,-2.99129148975305,0.499007170591057,0.981187156704932
8,2304.1139998436,4117.75299978256,3080.22277355015,20,regular,26,by_practice,1,6,-3.46481747409714,0.44365137076369,0.293671126250205
8,2304.1139998436,4117.75299978256,3080.22277355015,20,regular,26,by_practice,1,7,-3.44116883662748,0.445396150805334,0.324275946745352
8,2304.1139998436,4117.75299978256,3080.22277355015,20,regular,26,by_practice,1,14,-2.14986352215819,0.6039605350402,1
8,2304.1139998436,4117.75299978256,3080.22277355015,20,regular,26,by_practice,1,12,-2.53384473404246,0.55655362077032,1
8,2304.1139998436,4117.75299978256,3080.22277355015,20,regular,26,by_practice,1,10,-2.87288377472099,0.51318691030947,1
8,2304.1139998436,4117.75299978256,3080.22277355015,20,regular,26,by_practice,1,9,-3.12002649497843,0.483715070134977,0.739206380390682
8,2304.1139998436,4117.75299978256,3080.22277355015,20,regular,26,by_practice,1,11,-2.67348049513302,0.539575753453801,1
8,2304.1139998436,4117.75299978256,3080.22277355015,20,regular,26,by_practice,1,13,-2.08088969670055,0.608684689645301,1
8,2304.1139998436,4117.75299978256,3080.22277355015,20,regular,26,by_practice,1,18,-1.96956031598675,0.624260083868394,1
8,2304.1139998436,4117.75299978256,3080.22277355015,20,regular,26,by_practice,1,16,-2.32467040011563,0.583306785845343,1
8,2304.1139998436,4117.75299978256,3080.22277355015,20,regular,26,by_practice,1,21+,-1.80199183324637,0.64828264215525,1
9,4159.79800009727,7391.78800010681,5545.11901946093,20,regular,27,by_practice,1,4,-3.88618818188213,0.398203727254907,0.126912424200908
9,4159.79800009727,7391.78800010681,5545.11901946093,20,regular,27,by_practice,1,5,-4.04954655237347,0.379812938266105,0.0487606124192099
9,4159.79800009727,7391.78800010681,5545.11901946093,20,regular,27,by_practice,1,8,-3.71659384685066,0.42091085850124,0.186784421197319
9,4159.79800009727,7391.78800010681,5545.11901946093,20,regular,27,by_practice,1,6,-3.52585085277411,0.441788604945475,0.283701392495792
9,4159.79800009727,7391.78800010681,5545.11901946093,20,regular,27,by_practice,1,7,-3.46555517957336,0.446031588120994,0.344896314495859
9,4159.79800009727,7391.78800010681,5545.11901946093,20,regular,27,by_practice,1,12,-2.61739718780723,0.544741376236582,1
9,4159.79800009727,7391.78800010681,5545.11901946093,20,regular,27,by_practice,1,10,-3.11128030724882,0.485609504408777,0.759481095267284
9,4159.79800009727,7391.78800010681,5545.11901946093,20,regular,27,by_practice,1,9,-2.79712091719561,0.524802808096792,1
9,4159.79800009727,7391.78800010681,5545.11901946093,20,regular,27,by_practice,1,11,-2.53781846607316,0.558725800559088,1
9,4159.79800009727,7391.78800010681,5545.11901946093,20,regular,27,by_practice,1,13,-2.72531179904068,0.535270707836298,1
9,4159.79800009727,7391.78800010681,5545.11901946093,20,regular,27,by_practice,1,21+,-1.9740625604661,0.612926198031981,1
10,7453.84100008011,13238.1209998131,9933.52148396672,20,regular,28,by_practice,1,4,-3.82028715034676,0.411775274132496,0.170580268937957
10,7453.84100008011,13238.1209998131,9933.52148396672,20,regular,28,by_practice,1,5,-3.97493791092343,0.395022828202132,0.0979544525964428
10,7453.84100008011,13238.1209998131,9933.52148396672,20,regular,28,by_practice,1,8,-3.33318573215176,0.46271077252377,0.471312601712618
10,7453.84100008011,13238.1209998131,9933.52148396672,20,regular,28,by_practice,1,6,-3.88182947558286,0.404546945134495,0.115546558324805
10,7453.84100008011,13238.1209998131,9933.52148396672,20,regular,28,by_practice,1,7,-3.57899445820985,0.438181200295556,0.27108556411065
10,7453.84100008011,13238.1209998131,9933.52148396672,20,regular,28,by_practice,1,14,-2.77210223072061,0.523560524450311,1
10,7453.84100008011,13238.1209998131,9933.52148396672,20,regular,28,by_practice,1,12,-3.29258732122847,0.471350341181188,0.54086428938719
10,7453.84100008011,13238.1209998131,9933.52148396672,20,regular,28,by_practice,1,10,-3.24428216508435,0.474000627220982,0.592475595189378
10,7453.84100008011,13238.1209998131,9933.52148396672,20,regular,28,by_practice,1,9,-2.99382330543938,0.502884023150151,1
10,7453.84100008011,13238.1209998131,9933.52148396672,20,regular,28,by_practice,1,11,-3.7005553598849,0.424502935797015,0.17481433140759
10,7453.84100008011,13238.1209998131,9933.52148396672,20,regular,28,by_practice,1,13,-2.63207197337423,0.539223720556232,1
10,7453.84100008011,13238.1209998131,9933.52148396672,20,regular,28,by_practice,1,16,-1.7195273028552,0.636680004351421,1
10,7453.84100008011,13238.1209998131,9933.52148396672,20,regular,28,by_practice,1,21+,-2.43121848881391,0.557513075935516,1
11,13371.3069999218,23490.6749999523,17722.8955608205,20,regular,29,by_practice,1,4,-4.02493772556311,0.394963992586098,0.112284792192088
11,13371.3069999218,23490.6749999523,17722.8955608205,20,regular,29,by_practice,1,5,-4.10596536467047,0.386786685499265,0.0803217442644422
11,13371.3069999218,23490.6749999523,17722.8955608205,20,regular,29,by_practice,1,8,-3.33742464911774,0.465448237958057,0.494871786145117
11,13371.3069999218,23490.6749999523,17722.8955608205,20,regular,29,by_practice,1,6,-3.87725926053517,0.410963148984409,0.143932108677548
11,13371.3069999218,23490.6749999523,17722.8955608205,20,regular,29,by_practice,1,7,-3.65687463606036,0.434348347217743,0.242311756427564
11,13371.3069999218,23490.6749999523,17722.8955608205,20,regular,29,by_practice,1,12,-3.34834081242313,0.462621011504572,0.455896561409082
11,13371.3069999218,23490.6749999523,17722.8955608205,20,regular,29,by_practice,1,10,-3.74589485789774,0.424321849128645,0.188295076401736
11,13371.3069999218,23490.6749999523,17722.8955608205,20,regular,29,by_practice,1,9,-3.31913283344104,0.469283734550546,0.524099108007546
11,13371.3069999218,23490.6749999523,17722.8955608205,20,regular,29,by_practice,1,11,-3.24888534271281,0.476834576787292,0.599364938610932
11,13371.3069999218,23490.6749999523,17722.8955608205,20,regular,29,by_practice,1,13,-3.1207150201409,0.488221860066415,0.789643515267245
11,13371.3069999218,23490.6749999523,17722.8955608205,20,regular,29,by_practice,1,16,-2.73892800008364,0.526664221284344,1
11,13371.3069999218,23490.6749999523,17722.8955608205,20,regular,29,by_practice,1,15,-3.16790239148542,0.480971741227544,0.673433981991134
11,13371.3069999218,23490.6749999523,17722.8955608205,20,regular,29,by_practice,1,21+,-2.53135123632233,0.551039135589849,1
11,13371.3069999218,23490.6749999523,17722.8955608205,20,regular,29,by_practice,1,17,-2.48106869360241,0.551448877421146,1
12,24164.364000082,42791.6510000229,32156.38398404,20,regular,30,by_practice,1,4,-4.51795300073299,0.354692919215358,0.0385609472934489
12,24164.364000082,42791.6510000229,32156.38398404,20,regular,30,by_practice,1,5,-4.71967207517721,0.334954506970699,0.0179872187429596
12,24164.364000082,42791.6510000229,32156.38398404,20,regular,30,by_practice,1,8,-3.9316071732355,0.410685464450259,0.13715793783097
12,24164.364000082,42791.6510000229,32156.38398404,20,regular,30,by_practice,1,6,-4.61110921554456,0.344065512441793,0.0238667739555125
12,24164.364000082,42791.6510000229,32156.38398404,20,regular,30,by_practice,1,7,-4.00835432516788,0.400907257189701,0.111318729697847
12,24164.364000082,42791.6510000229,32156.38398404,20,regular,30,by_practice,1,12,-2.76388737770754,0.52169253245779,1
12,24164.364000082,42791.6510000229,32156.38398404,20,regular,30,by_practice,1,10,-3.6351790111518,0.438953078722886,0.267020670951876
12,24164.364000082,42791.6510000229,32156.38398404,20,regular,30,by_practice,1,9,-3.68350592044661,0.435051148105053,0.250509638666168
12,24164.364000082,42791.6510000229,32156.38398404,20,regular,30,by_practice,1,11,-3.5846291056719,0.441869539542442,0.285721745919031
12,24164.364000082,42791.6510000229,32156.38398404,20,regular,30,by_practice,1,13,-3.74287473070093,0.428720688327933,0.208336237037459
12,24164.364000082,42791.6510000229,32156.38398404,20,regular,30,by_practice,1,15,-2.9467616684236,0.506371819014652,1
12,24164.364000082,42791.6510000229,32156.38398404,20,regular,30,by_practice,1,21+,-2.05135964038645,0.587981445587085,1
12,24164.364000082,42791.6510000229,32156.38398404,20,regular,30,by_practice,1,20,-2.66380681899242,0.527233684055524,1
12,24164.364000082,42791.6510000229,32156.38398404,20,regular,30,by_practice,1,17,-2.42515203115827,0.552887924155476,1
13,42824.5380001068,76709.8499999046,57315.4768479109,20,regular,31,by_practice,1,4,-4.85042354483362,0.331549392670526,0.0192499614758555
13,42824.5380001068,76709.8499999046,57315.4768479109,20,regular,31,by_practice,1,5,-4.87945761936884,0.329468547679869,0.0147692630596113
13,42824.5380001068,76709.8499999046,57315.4768479109,20,regular,31,by_practice,1,8,-4.15328626179575,0.394591748796478,0.0873358180618547
13,42824.5380001068,76709.8499999046,57315.4768479109,20,regular,31,by_practice,1,6,-4.63066992346304,0.351535879187403,0.0288994039107093
13,42824.5380001068,76709.8499999046,57315.4768479109,20,regular,31,by_practice,1,7,-4.29367402701966,0.382139833244418,0.0637234682053045
13,42824.5380001068,76709.8499999046,57315.4768479109,20,regular,31,by_practice,1,14,-4.23699422464383,0.387295888979025,0.0725729377408928
13,42824.5380001068,76709.8499999046,57315.4768479109,20,regular,31,by_practice,1,12,-3.57869906947495,0.445420330672166,0.290573239441849
13,42824.5380001068,76709.8499999046,57315.4768479109,20,regular,31,by_practice,1,10,-3.89183512127087,0.417686103446385,0.153358963744687
13,42824.5380001068,76709.8499999046,57315.4768479109,20,regular,31,by_practice,1,9,-4.32979861427019,0.379074242511805,0.0606599685859229
13,42824.5380001068,76709.8499999046,57315.4768479109,20,regular,31,by_practice,1,11,-3.82673494708545,0.424626457205493,0.180049914137205
13,42824.5380001068,76709.8499999046,57315.4768479109,20,regular,31,by_practice,1,13,-3.93878152141078,0.415439817434925,0.141476730094305
13,42824.5380001068,76709.8499999046,57315.4768479109,20,regular,31,by_practice,1,18,-3.50853954483672,0.453296909745458,0.349972478410123
13,42824.5380001068,76709.8499999046,57315.4768479109,20,regular,31,by_practice,1,16,-3.50334325828062,0.454554012313122,0.356883823137418
13,42824.5380001068,76709.8499999046,57315.4768479109,20,regular,31,by_practice,1,15,-3.29027699840847,0.473123856542351,0.545598775560913
13,42824.5380001068,76709.8499999046,57315.4768479109,20,regular,31,by_practice,1,21+,-2.93578497530808,0.509308210277905,1
13,42824.5380001068,76709.8499999046,57315.4768479109,20,regular,31,by_practice,1,19,-3.29277489704373,0.473475608710035,0.553361133356666
13,42824.5380001068,76709.8499999046,57315.4768479109,20,regular,31,by_practice,1,20,-2.93273361686309,0.506483709837124,1
13,42824.5380001068,76709.8499999046,57315.4768479109,20,regular,31,by_practice,1,17,-2.81509695468933,0.515228008729912,1
14,76959.0260000229,137553.312999964,102888.138245152,20,regular,32,by_practice,1,4,-4.97074286338945,0.329102937151498,0.0169085077746147
14,76959.0260000229,137553.312999964,102888.138245152,20,regular,32,by_practice,1,5,-4.98474691056836,0.327407028906158,0.0128963006943641
14,76959.0260000229,137553.312999964,102888.138245152,20,regular,32,by_practice,1,8,-4.17599974890622,0.39840245860475,0.0911382021761553
14,76959.0260000229,137553.312999964,102888.138245152,20,regular,32,by_practice,1,6,-4.67328389549875,0.35479914164091,0.0295655945125005
14,76959.0260000229,137553.312999964,102888.138245152,20,regular,32,by_practice,1,7,-4.51982115448192,0.368049482177231,0.0425445915750996
14,76959.0260000229,137553.312999964,102888.138245152,20,regular,32,by_practice,1,14,-3.54467510728782,0.452315745637905,0.331572707142645
14,76959.0260000229,137553.312999964,102888.138245152,20,regular,32,by_practice,1,12,-4.11712924381555,0.403613295302486,0.0993036997605546
14,76959.0260000229,137553.312999964,102888.138245152,20,regular,32,by_practice,1,10,-3.89147776115184,0.422899774638602,0.165039840592661
14,76959.0260000229,137553.312999964,102888.138245152,20,regular,32,by_practice,1,9,-4.04803856380322,0.409939122132687,0.121138479622608
14,76959.0260000229,137553.312999964,102888.138245152,20,regular,32,by_practice,1,11,-3.77009600091766,0.434351895357274,0.217111975201407
14,76959.0260000229,137553.312999964,102888.138245152,20,regular,32,by_practice,1,13,-3.62268213218201,0.447727794765418,0.295213071618825
14,76959.0260000229,137553.312999964,102888.138245152,20,regular,32,by_practice,1,18,-4.05165268628313,0.4082712888975,0.112847265159773
14,76959.0260000229,137553.312999964,102888.138245152,20,regular,32,by_practice,1,16,-3.48348766967462,0.45801771041672,0.37864586938336
14,76959.0260000229,137553.312999964,102888.138245152,20,regular,32,by_practice,1,15,-3.4325863103419,0.463545389670656,0.433030142997344
14,76959.0260000229,137553.312999964,102888.138245152,20,regular,32,by_practice,1,21+,-2.75009223125858,0.512057276394059,1
14,76959.0260000229,137553.312999964,102888.138245152,20,regular,32,by_practice,1,19,-3.48304985671036,0.459332193983953,0.388664710253768
14,76959.0260000229,137553.312999964,102888.138245152,20,regular,32,by_practice,1,20,-3.59759518189348,0.44630028077828,0.285583263122507
14,76959.0260000229,137553.312999964,102888.138245152,20,regular,32,by_practice,1,17,-3.67817329746863,0.442986118473461,0.262071368786274
15,138609.907999992,247039.671000004,185046.334926307,20,regular,33,by_practice,1,4,-5.01159123245514,0.334393702839555,0.0166144660846374
15,138609.907999992,247039.671000004,185046.334926307,20,regular,33,by_practice,1,5,-5.10048043846841,0.326857037600443,0.0116308696574122
15,138609.907999992,247039.671000004,185046.334926307,20,regular,33,by_practice,1,8,-4.37331667927929,0.387897671765399,0.0635794363623463
15,138609.907999992,247039.671000004,185046.334926307,20,regular,33,by_practice,1,6,-4.80302313814396,0.351933036913437,0.0238119169429126
15,138609.907999992,247039.671000004,185046.334926307,20,regular,33,by_practice,1,7,-4.52723296558805,0.374617518919359,0.044628773355832
15,138609.907999992,247039.671000004,185046.334926307,20,regular,33,by_practice,1,14,-3.60977047671403,0.450053262408559,0.294457761492045
15,138609.907999992,247039.671000004,185046.334926307,20,regular,33,by_practice,1,12,-3.88331478782806,0.428226840700619,0.171334156810058
15,138609.907999992,247039.671000004,185046.334926307,20,regular,33,by_practice,1,10,-4.12029022133081,0.408172957390556,0.105832200477719
15,138609.907999992,247039.671000004,185046.334926307,20,regular,33,by_practice,1,9,-4.21283157486995,0.400364566662905,0.0854368393857407
15,138609.907999992,247039.671000004,185046.334926307,20,regular,33,by_practice,1,11,-3.95321795445867,0.422610391625657,0.1515710995328
15,138609.907999992,247039.671000004,185046.334926307,20,regular,33,by_practice,1,13,-3.81231676500644,0.433264705218077,0.19699327115575
15,138609.907999992,247039.671000004,185046.334926307,20,regular,33,by_practice,1,18,-3.76341421464126,0.437669412836877,0.216189839458495
15,138609.907999992,247039.671000004,185046.334926307,20,regular,33,by_practice,1,16,-4.17489502441276,0.403991557024303,0.0936478621762387
15,138609.907999992,247039.671000004,185046.334926307,20,regular,33,by_practice,1,15,-3.31972417738114,0.475716289831784,0.55600217909625
15,138609.907999992,247039.671000004,185046.334926307,20,regular,33,by_practice,1,21+,-2.61516861817498,0.523347193246469,1
15,138609.907999992,247039.671000004,185046.334926307,20,regular,33,by_practice,1,20,-3.05061138001167,0.49664419728248,0.921890947987525
15,138609.907999992,247039.671000004,185046.334926307,20,regular,33,by_practice,1,17,-3.60671921915187,0.450427833964848,0.300729190929219
16,247494.954999924,441248.032000065,330464.312481183,20,regular,34,by_practice,1,4,-5.21591825456538,0.32485997648522,0.01112682610611
16,247494.954999924,441248.032000065,330464.312481183,20,regular,34,by_practice,1,5,-5.22907172429339,0.324139869212446,0.00921999682788844
16,247494.954999924,441248.032000065,330464.312481183,20,regular,34,by_practice,1,8,-4.33618149993356,0.39572608524216,0.0707123893489648
16,247494.954999924,441248.032000065,330464.312481183,20,regular,34,by_practice,1,6,-4.98376086522846,0.344365608152745,0.0165703876967525
16,247494.954999924,441248.032000065,330464.312481183,20,regular,34,by_practice,1,7,-4.70873623145854,0.366824588802242,0.0303924837797308
16,247494.954999924,441248.032000065,330464.312481183,20,regular,34,by_practice,1,14,-3.45676471663179,0.466438268208603,0.426823140210145
16,247494.954999924,441248.032000065,330464.312481183,20,regular,34,by_practice,1,12,-3.72441720959718,0.443215963938574,0.233651605450144
16,247494.954999924,441248.032000065,330464.312481183,20,regular,34,by_practice,1,10,-4.18165830327381,0.407701181332275,0.0936996074615455
16,247494.954999924,441248.032000065,330464.312481183,20,regular,34,by_practice,1,9,-4.30762075542643,0.398836561360619,0.0742461713158763
16,247494.954999924,441248.032000065,330464.312481183,20,regular,34,by_practice,1,11,-3.97710546363047,0.422069250300967,0.134587856077403
16,247494.954999924,441248.032000065,330464.312481183,20,regular,34,by_practice,1,13,-3.65798986828614,0.445911097122209,0.250023933591272
16,247494.954999924,441248.032000065,330464.312481183,20,regular,34,by_practice,1,18,-3.70790231031105,0.445220069090029,0.249257541742481
16,247494.954999924,441248.032000065,330464.312481183,20,regular,34,by_practice,1,16,-3.12802751629654,0.48834319229176,0.742139753293681
16,247494.954999924,441248.032000065,330464.312481183,20,regular,34,by_practice,1,15,-3.75207275091449,0.440523266577912,0.218754001270578
16,247494.954999924,441248.032000065,330464.312481183,20,regular,34,by_practice,1,21+,-3.06380843327665,0.489300163021034,0.760158379135537
16,247494.954999924,441248.032000065,330464.312481183,20,regular,34,by_practice,1,19,-3.30734554988959,0.477426621074967,0.564309310520545
16,247494.954999924,441248.032000065,330464.312481183,20,regular,34,by_practice,1,17,-3.39669225805998,0.471845970723498,0.491742820854409
17,444687.072000027,792104.104000092,593496.802625765,20,regular,35,by_practice,1,4,-5.51835593718279,0.31048646085547,0.00595622411498992
17,444687.072000027,792104.104000092,593496.802625765,20,regular,35,by_practice,1,5,-5.32433657828849,0.324904949381705,0.0084721963131256
17,444687.072000027,792104.104000092,593496.802625765,20,regular,35,by_practice,1,8,-4.54108218272879,0.383554597113518,0.0445314224934774
17,444687.072000027,792104.104000092,593496.802625765,20,regular,35,by_practice,1,6,-5.08632784214449,0.342190766367456,0.0138312696748504
17,444687.072000027,792104.104000092,593496.802625765,20,regular,35,by_practice,1,7,-4.83946778315613,0.361759270987332,0.0241412756141685
17,444687.072000027,792104.104000092,593496.802625765,20,regular,35,by_practice,1,14,-4.19736510635477,0.410145652355552,0.0922682050714952
17,444687.072000027,792104.104000092,593496.802625765,20,regular,35,by_practice,1,12,-3.76411397282293,0.442805541592493,0.217486687238604
17,444687.072000027,792104.104000092,593496.802625765,20,regular,35,by_practice,1,10,-4.12662708695407,0.414785985501278,0.10441343891877
17,444687.072000027,792104.104000092,593496.802625765,20,regular,35,by_practice,1,9,-4.60043433237704,0.379086012509504,0.0394516265138539
17,444687.072000027,792104.104000092,593496.802625765,20,regular,35,by_practice,1,11,-4.02707814963165,0.422760757339562,0.126936163094703
17,444687.072000027,792104.104000092,593496.802625765,20,regular,35,by_practice,1,13,-3.56963495409795,0.457044726990245,0.317378880770983
17,444687.072000027,792104.104000092,593496.802625765,20,regular,35,by_practice,1,18,-4.12619589286298,0.413964191636888,0.101277013300871
17,444687.072000027,792104.104000092,593496.802625765,20,regular,35,by_practice,1,16,-3.9404014665427,0.430682003505261,0.15804723618547
17,444687.072000027,792104.104000092,593496.802625765,20,regular,35,by_practice,1,15,-3.58214230516921,0.457397138800118,0.32224150228432
17,444687.072000027,792104.104000092,593496.802625765,20,regular,35,by_practice,1,21+,-3.71086794035694,0.443318664525007,0.222987263996761
17,444687.072000027,792104.104000092,593496.802625765,20,regular,35,by_practice,1,19,-3.30065805144742,0.475759183049482,0.528500588327873
18,808071.109999895,1410000.22900009,1067417.65497307,20,regular,36,by_practice,1,4,-5.79729188012191,0.297697005033621,0.0034136336293961
18,808071.109999895,1410000.22900009,1067417.65497307,20,regular,36,by_practice,1,5,-5.63143852543337,0.310519225487701,0.00454435624552428
18,808071.109999895,1410000.22900009,1067417.65497307,20,regular,36,by_practice,1,8,-4.59083721504748,0.386728634065005,0.0438341704957722
18,808071.109999895,1410000.22900009,1067417.65497307,20,regular,36,by_practice,1,6,-5.25847963023405,0.337029709707281,0.0102178802530453
18,808071.109999895,1410000.22900009,1067417.65497307,20,regular,36,by_practice,1,7,-4.91323789904332,0.363402157855467,0.0223767225728126
18,808071.109999895,1410000.22900009,1067417.65497307,20,regular,36,by_practice,1,12,-4.81701744216521,0.367725585839322,0.0247640144031812
18,808071.109999895,1410000.22900009,1067417.65497307,20,regular,36,by_practice,1,10,-4.5168323985071,0.392013463698149,0.0509902889157529
18,808071.109999895,1410000.22900009,1067417.65497307,20,regular,36,by_practice,1,9,-4.88237625677452,0.365731254790581,0.0241079378852243
18,808071.109999895,1410000.22900009,1067417.65497307,20,regular,36,by_practice,1,11,-4.67581457118601,0.377150420109381,0.0320515244953792
18,808071.109999895,1410000.22900009,1067417.65497307,20,regular,36,by_practice,1,13,-4.39461611126389,0.400749997574724,0.0653692559054035
18,808071.109999895,1410000.22900009,1067417.65497307,20,regular,36,by_practice,1,18,-4.05641150107115,0.424162770504999,0.124384234548676
18,808071.109999895,1410000.22900009,1067417.65497307,20,regular,36,by_practice,1,21+,-3.34383766338328,0.467347572560598,0.40793616872468
18,808071.109999895,1410000.22900009,1067417.65497307,20,regular,36,by_practice,1,20,-3.95336047646772,0.431715265798917,0.152249807068281
18,808071.109999895,1410000.22900009,1067417.65497307,20,regular,36,by_practice,1,17,-3.53019502896223,0.462404960677137,0.356954776485898
19,1458368.50699997,2566018.70299983,1934476.89694859,20,regular,37,by_practice,1,4,-5.86973775521923,0.303097832040564,0.00335593831462154
19,1458368.50699997,2566018.70299983,1934476.89694859,20,regular,37,by_practice,1,5,-5.55025466778224,0.322388475003977,0.0056503363989464
19,1458368.50699997,2566018.70299983,1934476.89694859,20,regular,37,by_practice,1,8,-4.51632013105894,0.395503256991257,0.0495293340344013
19,1458368.50699997,2566018.70299983,1934476.89694859,20,regular,37,by_practice,1,6,-4.77543210173086,0.376913489136429,0.02751334800525
19,1458368.50699997,2566018.70299983,1934476.89694859,20,regular,37,by_practice,1,7,-4.70212283710798,0.382149922017166,0.0335844260788506
19,1458368.50699997,2566018.70299983,1934476.89694859,20,regular,37,by_practice,1,12,-4.40324600040773,0.404723820355615,0.0662216975583103
19,1458368.50699997,2566018.70299983,1934476.89694859,20,regular,37,by_practice,1,10,-4.79570286645901,0.376230995919241,0.0282693598357789
19,1458368.50699997,2566018.70299983,1934476.89694859,20,regular,37,by_practice,1,9,-4.78276196432565,0.376806879712275,0.028746428382519
19,1458368.50699997,2566018.70299983,1934476.89694859,20,regular,37,by_practice,1,11,-5.21977259446503,0.347718172864346,0.0127447565312038
20,2573482.61699986,4605678.9519999,3442765.56309806,20,regular,38,by_practice,1,4,-6.29458987917604,0.279207824113911,0.00127674975114514
20,2573482.61699986,4605678.9519999,3442765.56309806,20,regular,38,by_practice,1,5,-6.0321616912741,0.296596883267546,0.00215313479978649
20,2573482.61699986,4605678.9519999,3442765.56309806,20,regular,38,by_practice,1,8,-5.28459871264188,0.347793575927856,0.0105702877539611
20,2573482.61699986,4605678.9519999,3442765.56309806,20,regular,38,by_practice,1,6,-5.66897398059243,0.321359414019891,0.0047047237151631
20,2573482.61699986,4605678.9519999,3442765.56309806,20,regular,38,by_practice,1,7,-5.14365177374294,0.356341730578235,0.0135972526526781
20,2573482.61699986,4605678.9519999,3442765.56309806,20,regular,38,by_practice,1,10,-4.45654215901606,0.402588144214403,0.0544737777400979
20,2573482.61699986,4605678.9519999,3442765.56309806,20,regular,38,by_practice,1,9,-5.39494021953238,0.340138605448017,0.00815190424319307
20,2573482.61699986,4605678.9519999,3442765.56309806,20,regular,38,by_practice,1,11,-5.03413868357944,0.365026306652196,0.0175950732952028
20,2573482.61699986,4605678.9519999,3442765.56309806,20,regular,38,by_practice,1,16,-3.96091461790642,0.436118434740517,0.148103989851098
20,2573482.61699986,4605678.9519999,3442765.56309806,20,regular,38,by_practice,1,21+,-4.18754905394525,0.421461292173992,0.0944114193022506
20,2573482.61699986,4605678.9519999,3442765.56309806,20,regular,38,by_practice,1,17,-4.35915555340501,0.409533877673446,0.0668207227462826
1,38.3629999160767,4605678.9519999,13292.3911035242,1,regular,1,by_practice,2,4,-4.72093071700882,0.370545631274803,0.0626082456235992
1,38.3629999160767,4605678.9519999,13292.3911035242,1,regular,1,by_practice,2,5,-4.98760213535426,0.337138976731849,0.0179554569682483
1,38.3629999160767,4605678.9519999,13292.3911035242,1,regular,1,by_practice,2,8,-4.16208934576626,0.402269616898075,0.104020314312966
1,38.3629999160767,4605678.9519999,13292.3911035242,1,regular,1,by_practice,2,7,-4.45386130047979,0.381364815064214,0.0621207025007854
1,38.3629999160767,4605678.9519999,13292.3911035242,1,regular,1,by_practice,2,6,-4.71686420753619,0.360178852246545,0.0361455926875533
1,38.3629999160767,4605678.9519999,13292.3911035242,1,regular,1,by_practice,2,14,-3.83583818534273,0.445075940182937,0.281246515125089
1,38.3629999160767,4605678.9519999,13292.3911035242,1,regular,1,by_practice,2,12,-3.50734875891177,0.462156643533173,0.433433213485208
1,38.3629999160767,4605678.9519999,13292.3911035242,1,regular,1,by_practice,2,9,-4.09109501377476,0.411464071992302,0.13200747585598
1,38.3629999160767,4605678.9519999,13292.3911035242,1,regular,1,by_practice,2,10,-3.9307809920076,0.423478038846961,0.174427765213088
1,38.3629999160767,4605678.9519999,13292.3911035242,1,regular,1,by_practice,2,21+,-2.90132032026794,0.525123822311291,1
1,38.3629999160767,4605678.9519999,13292.3911035242,1,regular,1,by_practice,2,11,-3.82654709638297,0.435751232359168,0.230799010218775
1,38.3629999160767,4605678.9519999,13292.3911035242,1,regular,1,by_practice,2,17,-3.2447247721332,0.481848924755266,0.659586617043408
1,38.3629999160767,4605678.9519999,13292.3911035242,1,regular,1,by_practice,2,13,-3.51081881056288,0.458574872525551,0.396176088693379
1,38.3629999160767,4605678.9519999,13292.3911035242,1,regular,1,by_practice,2,18,-3.577765478366,0.461251648709918,0.419912570850852
1,38.3629999160767,4605678.9519999,13292.3911035242,1,regular,1,by_practice,2,16,-3.28850093070612,0.476220963154199,0.577282317090633
1,38.3629999160767,4605678.9519999,13292.3911035242,1,regular,1,by_practice,2,19,-3.16299599119344,0.501286622201077,0.952366638320555
1,38.3629999160767,4605678.9519999,13292.3911035242,1,regular,1,by_practice,2,15,-3.39647548566929,0.466089341434905,0.458930236625385
1,38.3629999160767,4605678.9519999,13292.3911035242,1,regular,1,by_practice,2,20,-3.44769088666996,0.479513072370436,0.62889237555169
1,38.3629999160767,13238.1209998131,712.638782838012,2,regular,2,by_practice,2,4,-3.42569171676632,0.486187789190894,0.713678645079644
1,38.3629999160767,13238.1209998131,712.638782838012,2,regular,2,by_practice,2,5,-3.55235450183578,0.450352509220125,0.185201288176123
1,38.3629999160767,13238.1209998131,712.638782838012,2,regular,2,by_practice,2,8,-2.92915240505408,0.539918725590917,1
1,38.3629999160767,13238.1209998131,712.638782838012,2,regular,2,by_practice,2,7,-3.22179190137202,0.507928156700884,1
1,38.3629999160767,13238.1209998131,712.638782838012,2,regular,2,by_practice,2,6,-3.39296415874284,0.477023921761492,0.47477461232604
1,38.3629999160767,13238.1209998131,712.638782838012,2,regular,2,by_practice,2,14,-2.39750334484197,0.621054630502468,1
1,38.3629999160767,13238.1209998131,712.638782838012,2,regular,2,by_practice,2,12,-2.34571041858802,0.609179016792641,1
1,38.3629999160767,13238.1209998131,712.638782838012,2,regular,2,by_practice,2,9,-2.83904204271498,0.54909864826376,1
1,38.3629999160767,13238.1209998131,712.638782838012,2,regular,2,by_practice,2,10,-2.93126016425854,0.538972814601212,1
1,38.3629999160767,13238.1209998131,712.638782838012,2,regular,2,by_practice,2,21+,-1.89230346208632,0.676898262394893,1
1,38.3629999160767,13238.1209998131,712.638782838012,2,regular,2,by_practice,2,11,-2.71548520951757,0.565316101688217,1
1,38.3629999160767,13238.1209998131,712.638782838012,2,regular,2,by_practice,2,17,-2.58502760170179,0.571609126158883,1
1,38.3629999160767,13238.1209998131,712.638782838012,2,regular,2,by_practice,2,13,-2.34868599244028,0.620000721632189,1
1,38.3629999160767,13238.1209998131,712.638782838012,2,regular,2,by_practice,2,18,-2.24674272107334,0.662655919488971,1
1,38.3629999160767,13238.1209998131,712.638782838012,2,regular,2,by_practice,2,16,-2.09912182865443,0.623095991390799,1
1,38.3629999160767,13238.1209998131,712.638782838012,2,regular,2,by_practice,2,19,-1.59945896510436,0.743213931857509,1
1,38.3629999160767,13238.1209998131,712.638782838012,2,regular,2,by_practice,2,15,-2.89128861857105,0.533956450240268,1
2,13371.3069999218,4605678.9519999,248161.131546157,2,regular,3,by_practice,2,4,-5.05804263627841,0.33728032185075,0.0198058431596765
2,13371.3069999218,4605678.9519999,248161.131546157,2,regular,3,by_practice,2,5,-5.12234992447795,0.332445130308972,0.0139574372301371
2,13371.3069999218,4605678.9519999,248161.131546157,2,regular,3,by_practice,2,8,-4.3019877833218,0.395702064582278,0.079014264619352
2,13371.3069999218,4605678.9519999,248161.131546157,2,regular,3,by_practice,2,7,-4.56223511770232,0.374867655780617,0.0472465847902889
2,13371.3069999218,4605678.9519999,248161.131546157,2,regular,3,by_practice,2,6,-4.83794215648097,0.353251945548654,0.0264454768905926
2,13371.3069999218,4605678.9519999,248161.131546157,2,regular,3,by_practice,2,14,-3.93859375770992,0.428166407243064,0.169199995563685
2,13371.3069999218,4605678.9519999,248161.131546157,2,regular,3,by_practice,2,12,-3.73736923980627,0.438232493731464,0.221335750934865
2,13371.3069999218,4605678.9519999,248161.131546157,2,regular,3,by_practice,2,9,-4.23358193053613,0.410323408972762,0.11977439650614
2,13371.3069999218,4605678.9519999,248161.131546157,2,regular,3,by_practice,2,10,-4.03625826659132,0.417025899821218,0.133505915467592
2,13371.3069999218,4605678.9519999,248161.131546157,2,regular,3,by_practice,2,21+,-3.02484741237626,0.504454873123306,1
2,13371.3069999218,4605678.9519999,248161.131546157,2,regular,3,by_practice,2,11,-3.95757454837723,0.425817658082359,0.167719517836623
2,13371.3069999218,4605678.9519999,248161.131546157,2,regular,3,by_practice,2,17,-3.29018103100493,0.476262268156992,0.561676726889497
2,13371.3069999218,4605678.9519999,248161.131546157,2,regular,3,by_practice,2,13,-3.65997532417141,0.454138271468155,0.334460894228076
2,13371.3069999218,4605678.9519999,248161.131546157,2,regular,3,by_practice,2,18,-3.77361905664395,0.445840138236523,0.266350628215241
2,13371.3069999218,4605678.9519999,248161.131546157,2,regular,3,by_practice,2,16,-3.4686897705742,0.462540467512257,0.399824036902127
2,13371.3069999218,4605678.9519999,248161.131546157,2,regular,3,by_practice,2,19,-3.38477821783237,0.484640655403776,0.701453540591338
2,13371.3069999218,4605678.9519999,248161.131546157,2,regular,3,by_practice,2,15,-3.43041530724526,0.464361050471623,0.422686358129839
2,13371.3069999218,4605678.9519999,248161.131546157,2,regular,3,by_practice,2,20,-3.44050702340888,0.482747951517047,0.672242749740048
1,38.3629999160767,395.178999900818,123.126974867534,5,regular,4,by_practice,2,4,-2.984744007719,0.50233109810362,1
1,38.3629999160767,395.178999900818,123.126974867534,5,regular,4,by_practice,2,5,-2.8964126773794,0.532569771615523,1
1,38.3629999160767,395.178999900818,123.126974867534,5,regular,4,by_practice,2,8,-2.29335604393572,0.618975394227734,1
1,38.3629999160767,395.178999900818,123.126974867534,5,regular,4,by_practice,2,7,-2.97720742925425,0.511280537399425,1
1,38.3629999160767,395.178999900818,123.126974867534,5,regular,4,by_practice,2,6,-2.90581336748278,0.528146752493642,1
1,38.3629999160767,395.178999900818,123.126974867534,5,regular,4,by_practice,2,14,-1.85586612866129,0.680269526906934,1
1,38.3629999160767,395.178999900818,123.126974867534,5,regular,4,by_practice,2,12,-1.92503694691475,0.67551604327015,1
1,38.3629999160767,395.178999900818,123.126974867534,5,regular,4,by_practice,2,9,-2.51399034770291,0.586040654266278,1
1,38.3629999160767,395.178999900818,123.126974867534,5,regular,4,by_practice,2,10,-2.757525490451,0.544672580688645,1
1,38.3629999160767,395.178999900818,123.126974867534,5,regular,4,by_practice,2,21+,-1.30793581774772,0.753374709317623,1
1,38.3629999160767,395.178999900818,123.126974867534,5,regular,4,by_practice,2,13,-2.22676233479981,0.627123636417537,1
1,38.3629999160767,395.178999900818,123.126974867534,5,regular,4,by_practice,2,16,-1.56705442599833,0.749191287483125,1
1,38.3629999160767,395.178999900818,123.126974867534,5,regular,4,by_practice,2,19,-0.782566453439216,0.826780276901993,1
1,38.3629999160767,395.178999900818,123.126974867534,5,regular,4,by_practice,2,15,-1.70971063234207,0.683728879103024,1
2,398.260999917984,4117.75299978256,1280.60158796898,5,regular,5,by_practice,2,4,-3.42031878207579,0.453567076275554,0.359886938952717
2,398.260999917984,4117.75299978256,1280.60158796898,5,regular,5,by_practice,2,5,-3.55711001674352,0.429871304158656,0.112760882573288
2,398.260999917984,4117.75299978256,1280.60158796898,5,regular,5,by_practice,2,8,-2.93834465480216,0.512102350496883,1
2,398.260999917984,4117.75299978256,1280.60158796898,5,regular,5,by_practice,2,7,-3.05054941353974,0.499432069644069,0.989410988901462
2,398.260999917984,4117.75299978256,1280.60158796898,5,regular,5,by_practice,2,6,-3.331525470531,0.463284359859475,0.352505149543511
2,398.260999917984,4117.75299978256,1280.60158796898,5,regular,5,by_practice,2,14,-2.20907750252097,0.623859782743309,1
2,398.260999917984,4117.75299978256,1280.60158796898,5,regular,5,by_practice,2,12,-2.3732893061501,0.579308382606265,1
2,398.260999917984,4117.75299978256,1280.60158796898,5,regular,5,by_practice,2,9,-2.89900873038126,0.51673861061135,1
2,398.260999917984,4117.75299978256,1280.60158796898,5,regular,5,by_practice,2,10,-2.67627206285306,0.544828794404288,1
2,398.260999917984,4117.75299978256,1280.60158796898,5,regular,5,by_practice,2,21+,-1.74053670835444,0.667168914610963,1
2,398.260999917984,4117.75299978256,1280.60158796898,5,regular,5,by_practice,2,11,-2.43492139749316,0.577409212538359,1
2,398.260999917984,4117.75299978256,1280.60158796898,5,regular,5,by_practice,2,17,-2.43065989068327,0.577224116874468,1
2,398.260999917984,4117.75299978256,1280.60158796898,5,regular,5,by_practice,2,13,-2.22274632742269,0.618598452287743,1
2,398.260999917984,4117.75299978256,1280.60158796898,5,regular,5,by_practice,2,18,-1.7444226865751,0.673156828119041,1
2,398.260999917984,4117.75299978256,1280.60158796898,5,regular,5,by_practice,2,16,-2.59629858524525,0.542834837073556,1
3,4159.79800009727,42791.6510000229,13341.8373641248,5,regular,6,by_practice,2,4,-4.08309384487526,0.388080935329918,0.100656976358281
3,4159.79800009727,42791.6510000229,13341.8373641248,5,regular,6,by_practice,2,5,-4.19876809544254,0.380742376598207,0.0601481013224336
3,4159.79800009727,42791.6510000229,13341.8373641248,5,regular,6,by_practice,2,8,-3.49917561671693,0.452913019596084,0.366526943491119
3,4159.79800009727,42791.6510000229,13341.8373641248,5,regular,6,by_practice,2,7,-3.78792567039911,0.422422231244982,0.183596647161489
3,4159.79800009727,42791.6510000229,13341.8373641248,5,regular,6,by_practice,2,6,-3.96002732932779,0.405571392831443,0.120453330004732
3,4159.79800009727,42791.6510000229,13341.8373641248,5,regular,6,by_practice,2,14,-3.84189174048919,0.416986209613557,0.156531319483343
3,4159.79800009727,42791.6510000229,13341.8373641248,5,regular,6,by_practice,2,12,-2.85574157702176,0.515821597993917,1
3,4159.79800009727,42791.6510000229,13341.8373641248,5,regular,6,by_practice,2,9,-3.25561994029334,0.471517716248753,0.544224290755495
3,4159.79800009727,42791.6510000229,13341.8373641248,5,regular,6,by_practice,2,10,-3.40488934175398,0.470496830109759,0.542932084531827
3,4159.79800009727,42791.6510000229,13341.8373641248,5,regular,6,by_practice,2,21+,-2.43185733742811,0.56376552322329,1
3,4159.79800009727,42791.6510000229,13341.8373641248,5,regular,6,by_practice,2,11,-3.23592280389099,0.485092683322905,0.735286436300788
3,4159.79800009727,42791.6510000229,13341.8373641248,5,regular,6,by_practice,2,17,-2.48097001766864,0.563285817547999,1
3,4159.79800009727,42791.6510000229,13341.8373641248,5,regular,6,by_practice,2,13,-2.99218405520288,0.499229406940733,0.979408520189103
3,4159.79800009727,42791.6510000229,13341.8373641248,5,regular,6,by_practice,2,18,-2.28488989405543,0.585189007780256,1
3,4159.79800009727,42791.6510000229,13341.8373641248,5,regular,6,by_practice,2,16,-2.19394522512051,0.589022474286863,1
3,4159.79800009727,42791.6510000229,13341.8373641248,5,regular,6,by_practice,2,15,-3.36613079090744,0.469297258329971,0.529489102440493
3,4159.79800009727,42791.6510000229,13341.8373641248,5,regular,6,by_practice,2,20,-2.82762393848882,0.508789500393586,1
4,42824.5380001068,441248.032000065,137463.60650681,5,regular,7,by_practice,2,4,-5.01445664909647,0.335457350397568,0.0189000510964747
4,42824.5380001068,441248.032000065,137463.60650681,5,regular,7,by_practice,2,5,-5.07558985729534,0.332006995911754,0.0122180343183734
4,42824.5380001068,441248.032000065,137463.60650681,5,regular,7,by_practice,2,8,-4.2921698145121,0.397010322951359,0.0799839580327979
4,42824.5380001068,441248.032000065,137463.60650681,5,regular,7,by_practice,2,7,-4.52619343399922,0.375507956401997,0.0479526707396916
4,42824.5380001068,441248.032000065,137463.60650681,5,regular,7,by_practice,2,6,-4.79453857738735,0.350737234093255,0.0249027820128842
4,42824.5380001068,441248.032000065,137463.60650681,5,regular,7,by_practice,2,14,-3.67217374670523,0.441713180615054,0.239826277597732
4,42824.5380001068,441248.032000065,137463.60650681,5,regular,7,by_practice,2,12,-3.73388197783431,0.435201324963284,0.208931763781138
4,42824.5380001068,441248.032000065,137463.60650681,5,regular,7,by_practice,2,9,-4.18548872914918,0.40908256459086,0.116716276489622
4,42824.5380001068,441248.032000065,137463.60650681,5,regular,7,by_practice,2,10,-4.00343006782769,0.415450503774942,0.130503598305892
4,42824.5380001068,441248.032000065,137463.60650681,5,regular,7,by_practice,2,21+,-2.90547251279342,0.509935508645374,1
4,42824.5380001068,441248.032000065,137463.60650681,5,regular,7,by_practice,2,11,-3.84378920294766,0.438277421084331,0.235350281851585
4,42824.5380001068,441248.032000065,137463.60650681,5,regular,7,by_practice,2,17,-3.41127107678143,0.463800302564932,0.417304222803377
4,42824.5380001068,441248.032000065,137463.60650681,5,regular,7,by_practice,2,13,-3.71921113101989,0.445320270924174,0.273387217239453
4,42824.5380001068,441248.032000065,137463.60650681,5,regular,7,by_practice,2,18,-3.67854411123396,0.44872484466984,0.293891380669616
4,42824.5380001068,441248.032000065,137463.60650681,5,regular,7,by_practice,2,16,-3.33685880926085,0.473083182788267,0.52368108349602
4,42824.5380001068,441248.032000065,137463.60650681,5,regular,7,by_practice,2,19,-3.45511465360657,0.475425522206357,0.562693487270706
4,42824.5380001068,441248.032000065,137463.60650681,5,regular,7,by_practice,2,15,-3.46583136157596,0.461073841118449,0.390599672634679
4,42824.5380001068,441248.032000065,137463.60650681,5,regular,7,by_practice,2,20,-3.36896943224604,0.479575831262128,0.628425974714298
5,444687.072000027,4605678.9519999,1431113.51322562,5,regular,8,by_practice,2,4,-5.74531980261505,0.30645695521481,0.00472381463896861
5,444687.072000027,4605678.9519999,1431113.51322562,5,regular,8,by_practice,2,5,-5.51463108386459,0.321798690185315,0.00716948218832439
5,444687.072000027,4605678.9519999,1431113.51322562,5,regular,8,by_practice,2,8,-4.656792451501,0.384071274518634,0.0426085751859277
5,444687.072000027,4605678.9519999,1431113.51322562,5,regular,8,by_practice,2,7,-4.90115256861211,0.366697004911923,0.0271735329814882
5,444687.072000027,4605678.9519999,1431113.51322562,5,regular,8,by_practice,2,6,-5.19629344899264,0.341681675164028,0.0127733181088301
5,444687.072000027,4605678.9519999,1431113.51322562,5,regular,8,by_practice,2,14,-4.51871866552006,0.397050970523198,0.0628316662871571
5,444687.072000027,4605678.9519999,1431113.51322562,5,regular,8,by_practice,2,12,-4.18908869312886,0.415422306423354,0.100211773679176
5,444687.072000027,4605678.9519999,1431113.51322562,5,regular,8,by_practice,2,9,-4.71883603386828,0.381503386428693,0.041318033430227
5,444687.072000027,4605678.9519999,1431113.51322562,5,regular,8,by_practice,2,10,-4.29329991122541,0.410272975281609,0.0897249900647859
5,444687.072000027,4605678.9519999,1431113.51322562,5,regular,8,by_practice,2,21+,-3.60705451607015,0.45582543318128,0.306224451532691
5,444687.072000027,4605678.9519999,1431113.51322562,5,regular,8,by_practice,2,11,-4.44646059708389,0.400061633266812,0.0657940473136906
5,444687.072000027,4605678.9519999,1431113.51322562,5,regular,8,by_practice,2,17,-3.07864393701452,0.49797623320047,0.946899221926617
5,444687.072000027,4605678.9519999,1431113.51322562,5,regular,8,by_practice,2,13,-3.56537138933491,0.457163669880415,0.309835626434567
5,444687.072000027,4605678.9519999,1431113.51322562,5,regular,8,by_practice,2,18,-4.50749518118172,0.395082064666948,0.0540054126539141
5,444687.072000027,4605678.9519999,1431113.51322562,5,regular,8,by_practice,2,16,-4.1232679783949,0.426529677416674,0.135756232457402
5,444687.072000027,4605678.9519999,1431113.51322562,5,regular,8,by_practice,2,15,-3.31001006432466,0.482931036115854,0.631793291620819
5,444687.072000027,4605678.9519999,1431113.51322562,5,regular,8,by_practice,2,20,-3.97453206850205,0.438236226814077,0.186924539601185
1,38.3629999160767,121.253999948502,68.2031318184755,10,regular,9,by_practice,2,4,-2.80130319353978,0.529618019244913,1
1,38.3629999160767,121.253999948502,68.2031318184755,10,regular,9,by_practice,2,5,-2.93278230315281,0.536414209727059,1
1,38.3629999160767,121.253999948502,68.2031318184755,10,regular,9,by_practice,2,8,-1.94232362046099,0.673045351045165,1
1,38.3629999160767,121.253999948502,68.2031318184755,10,regular,9,by_practice,2,7,-2.89503627273736,0.542264227902735,1
1,38.3629999160767,121.253999948502,68.2031318184755,10,regular,9,by_practice,2,6,-2.59542881135909,0.583409247409508,1
1,38.3629999160767,121.253999948502,68.2031318184755,10,regular,9,by_practice,2,14,-1.75435132138713,0.710720669529567,1
1,38.3629999160767,121.253999948502,68.2031318184755,10,regular,9,by_practice,2,12,-2.13706631231148,0.670523658395946,1
1,38.3629999160767,121.253999948502,68.2031318184755,10,regular,9,by_practice,2,9,-2.36235856941393,0.60808755959412,1
1,38.3629999160767,121.253999948502,68.2031318184755,10,regular,9,by_practice,2,10,-2.31730823736084,0.629382587123864,1
1,38.3629999160767,121.253999948502,68.2031318184755,10,regular,9,by_practice,2,21+,-1.16139830304628,0.792767175770797,1
1,38.3629999160767,121.253999948502,68.2031318184755,10,regular,9,by_practice,2,16,-1.12258444267298,0.746875498848378,1
1,38.3629999160767,121.253999948502,68.2031318184755,10,regular,9,by_practice,2,15,-1.5809916493944,0.74202783201045,1
2,123.598999977112,395.178999900818,221.00617457369,10,regular,10,by_practice,2,4,-3.12820008295058,0.479945549659749,0.495202805821658
2,123.598999977112,395.178999900818,221.00617457369,10,regular,10,by_practice,2,5,-2.8739642267039,0.530708744884899,1
2,123.598999977112,395.178999900818,221.00617457369,10,regular,10,by_practice,2,8,-2.6573373329471,0.560196738025056,1
2,123.598999977112,395.178999900818,221.00617457369,10,regular,10,by_practice,2,7,-3.03414510293674,0.49800648897435,0.938630371545042
2,123.598999977112,395.178999900818,221.00617457369,10,regular,10,by_practice,2,6,-3.19745831266778,0.479249944180363,0.32756285083315
2,123.598999977112,395.178999900818,221.00617457369,10,regular,10,by_practice,2,14,-1.94076237668649,0.650469059246622,1
2,123.598999977112,395.178999900818,221.00617457369,10,regular,10,by_practice,2,12,-1.86563216497479,0.667223365329067,1
2,123.598999977112,395.178999900818,221.00617457369,10,regular,10,by_practice,2,9,-2.58726107940735,0.576937718892247,1
2,123.598999977112,395.178999900818,221.00617457369,10,regular,10,by_practice,2,10,-3.14870128653555,0.485974352661505,0.601285978980181
2,123.598999977112,395.178999900818,221.00617457369,10,regular,10,by_practice,2,21+,-1.37025567726529,0.742957779148409,1
2,123.598999977112,395.178999900818,221.00617457369,10,regular,10,by_practice,2,13,-2.10274984693759,0.637958405989904,1
2,123.598999977112,395.178999900818,221.00617457369,10,regular,10,by_practice,2,19,-0.92543489335937,0.805378730472962,1
2,123.598999977112,395.178999900818,221.00617457369,10,regular,10,by_practice,2,15,-1.81482189953588,0.673528772516244,1
3,398.260999917984,1281.28500008583,714.342946569851,10,regular,11,by_practice,2,4,-3.31608738880917,0.455889734810387,0.358442633746386
3,398.260999917984,1281.28500008583,714.342946569851,10,regular,11,by_practice,2,5,-3.28692054412628,0.46504274779659,0.383387833959076
3,398.260999917984,1281.28500008583,714.342946569851,10,regular,11,by_practice,2,8,-2.5748509662739,0.558914839712137,1
3,398.260999917984,1281.28500008583,714.342946569851,10,regular,11,by_practice,2,7,-2.86767915396643,0.520443394961657,1
3,398.260999917984,1281.28500008583,714.342946569851,10,regular,11,by_practice,2,6,-3.24148142062757,0.466459259853958,0.373711307185193
3,398.260999917984,1281.28500008583,714.342946569851,10,regular,11,by_practice,2,14,-2.10603582125216,0.629590526584197,1
3,398.260999917984,1281.28500008583,714.342946569851,10,regular,11,by_practice,2,12,-2.38489431427195,0.584554346135346,1
3,398.260999917984,1281.28500008583,714.342946569851,10,regular,11,by_practice,2,9,-2.47991775183799,0.57308680685215,1
3,398.260999917984,1281.28500008583,714.342946569851,10,regular,11,by_practice,2,10,-2.70985913025615,0.539704222979584,1
3,398.260999917984,1281.28500008583,714.342946569851,10,regular,11,by_practice,2,21+,-1.46103842515585,0.710684206853263,1
3,398.260999917984,1281.28500008583,714.342946569851,10,regular,11,by_practice,2,11,-2.17389968933891,0.624184814691567,1
3,398.260999917984,1281.28500008583,714.342946569851,10,regular,11,by_practice,2,17,-1.67433016321588,0.687273558016132,1
3,398.260999917984,1281.28500008583,714.342946569851,10,regular,11,by_practice,2,13,-2.00383734137964,0.639751024576349,1
3,398.260999917984,1281.28500008583,714.342946569851,10,regular,11,by_practice,2,18,-1.47580238147431,0.700726796495329,1
4,1285.92199993134,4117.75299978256,2301.11042166682,10,regular,12,by_practice,2,4,-3.52054549147174,0.434189406613688,0.273211706024634
4,1285.92199993134,4117.75299978256,2301.11042166682,10,regular,12,by_practice,2,5,-3.74287027947051,0.409472749097284,0.0352720723352373
4,1285.92199993134,4117.75299978256,2301.11042166682,10,regular,12,by_practice,2,8,-3.13031394710495,0.485544241380032,0.747551795307215
4,1285.92199993134,4117.75299978256,2301.11042166682,10,regular,12,by_practice,2,7,-3.14517946067341,0.483785965605402,0.703134813266517
4,1285.92199993134,4117.75299978256,2301.11042166682,10,regular,12,by_practice,2,6,-3.37886669112626,0.456196413466817,0.356819495168418
4,1285.92199993134,4117.75299978256,2301.11042166682,10,regular,12,by_practice,2,14,-2.38577255726832,0.571630249461373,1
4,1285.92199993134,4117.75299978256,2301.11042166682,10,regular,12,by_practice,2,12,-2.36762649924757,0.57625006868116,1
4,1285.92199993134,4117.75299978256,2301.11042166682,10,regular,12,by_practice,2,9,-3.16875360562068,0.481800787426469,0.670107606485491
4,1285.92199993134,4117.75299978256,2301.11042166682,10,regular,12,by_practice,2,10,-2.66200490552209,0.545764542058347,1
4,1285.92199993134,4117.75299978256,2301.11042166682,10,regular,12,by_practice,2,21+,-1.93165858779776,0.640144930719703,1
4,1285.92199993134,4117.75299978256,2301.11042166682,10,regular,12,by_practice,2,11,-2.59347416023667,0.548132468391204,1
4,1285.92199993134,4117.75299978256,2301.11042166682,10,regular,12,by_practice,2,13,-2.46098090993601,0.574700691654253,1
4,1285.92199993134,4117.75299978256,2301.11042166682,10,regular,12,by_practice,2,18,-1.94660102047991,0.624260083868394,1
4,1285.92199993134,4117.75299978256,2301.11042166682,10,regular,12,by_practice,2,16,-2.43688555072728,0.567037038758259,1
5,4159.79800009727,13238.1209998131,7420.77551608107,10,regular,13,by_practice,2,4,-3.84223962664039,0.404488951286883,0.146948478679948
5,4159.79800009727,13238.1209998131,7420.77551608107,10,regular,13,by_practice,2,5,-3.91529359464703,0.397264667954546,0.0967241706995926
5,4159.79800009727,13238.1209998131,7420.77551608107,10,regular,13,by_practice,2,8,-3.45169135657909,0.449986969072206,0.351874716849687
5,4159.79800009727,13238.1209998131,7420.77551608107,10,regular,13,by_practice,2,7,-3.46825201839024,0.445728578931287,0.333150296846596
5,4159.79800009727,13238.1209998131,7420.77551608107,10,regular,13,by_practice,2,6,-3.62875032481687,0.429950560690978,0.223125951578117
5,4159.79800009727,13238.1209998131,7420.77551608107,10,regular,13,by_practice,2,12,-2.65736148787991,0.545143787346891,1
5,4159.79800009727,13238.1209998131,7420.77551608107,10,regular,13,by_practice,2,9,-2.9361825760341,0.503716344664217,1
5,4159.79800009727,13238.1209998131,7420.77551608107,10,regular,13,by_practice,2,10,-3.20044150958122,0.474613660338625,0.596945301672716
5,4159.79800009727,13238.1209998131,7420.77551608107,10,regular,13,by_practice,2,21+,-2.31539046009296,0.576844923835595,1
5,4159.79800009727,13238.1209998131,7420.77551608107,10,regular,13,by_practice,2,11,-2.87433105876223,0.512132116350583,1
5,4159.79800009727,13238.1209998131,7420.77551608107,10,regular,13,by_practice,2,17,-2.64708738349196,0.545568559305469,1
5,4159.79800009727,13238.1209998131,7420.77551608107,10,regular,13,by_practice,2,13,-2.60518033044479,0.544515181473472,1
5,4159.79800009727,13238.1209998131,7420.77551608107,10,regular,13,by_practice,2,18,-2.54287382085532,0.548036776320772,1
5,4159.79800009727,13238.1209998131,7420.77551608107,10,regular,13,by_practice,2,16,-1.82535178873882,0.623814121952069,1
6,13371.3069999218,42791.6510000229,23920.2906034776,10,regular,14,by_practice,2,4,-4.26359008230076,0.379131397803728,0.0749083547181133
6,13371.3069999218,42791.6510000229,23920.2906034776,10,regular,14,by_practice,2,5,-4.3479814909331,0.370573041574359,0.0433611378287029
6,13371.3069999218,42791.6510000229,23920.2906034776,10,regular,14,by_practice,2,8,-3.52076419396961,0.452912141455571,0.36765801454449
6,13371.3069999218,42791.6510000229,23920.2906034776,10,regular,14,by_practice,2,7,-3.97109268656755,0.407067361022337,0.128225255901226
6,13371.3069999218,42791.6510000229,23920.2906034776,10,regular,14,by_practice,2,6,-4.16499633825924,0.388762854594565,0.0742797264745851
6,13371.3069999218,42791.6510000229,23920.2906034776,10,regular,14,by_practice,2,14,-3.74131264947488,0.431774983026442,0.227617230979764
6,13371.3069999218,42791.6510000229,23920.2906034776,10,regular,14,by_practice,2,12,-2.97145220963424,0.509523365000081,1
6,13371.3069999218,42791.6510000229,23920.2906034776,10,regular,14,by_practice,2,9,-3.45892627698171,0.458666162279913,0.427369399218662
6,13371.3069999218,42791.6510000229,23920.2906034776,10,regular,14,by_practice,2,10,-3.61683964120251,0.445337485492038,0.317048308955727
6,13371.3069999218,42791.6510000229,23920.2906034776,10,regular,14,by_practice,2,21+,-2.49956406983524,0.549813494893212,1
6,13371.3069999218,42791.6510000229,23920.2906034776,10,regular,14,by_practice,2,11,-3.64345101872098,0.444371446112802,0.277634388977911
6,13371.3069999218,42791.6510000229,23920.2906034776,10,regular,14,by_practice,2,17,-2.38247610931074,0.568262342029059,1
6,13371.3069999218,42791.6510000229,23920.2906034776,10,regular,14,by_practice,2,13,-3.20293561341385,0.484488719315196,0.710295808616586
6,13371.3069999218,42791.6510000229,23920.2906034776,10,regular,14,by_practice,2,16,-2.76538989949099,0.526664221284344,1
6,13371.3069999218,42791.6510000229,23920.2906034776,10,regular,14,by_practice,2,15,-3.20605834133071,0.486826716410966,0.750733605920678
6,13371.3069999218,42791.6510000229,23920.2906034776,10,regular,14,by_practice,2,20,-2.77176783994897,0.515432701392384,1
7,42824.5380001068,137553.312999964,76750.6161513218,10,regular,15,by_practice,2,4,-4.94453515438243,0.326626627440278,0.0162915677326143
7,42824.5380001068,137553.312999964,76750.6161513218,10,regular,15,by_practice,2,5,-4.94918843042603,0.327122261775782,0.013350729138113
7,42824.5380001068,137553.312999964,76750.6161513218,10,regular,15,by_practice,2,8,-4.18235545730981,0.39377063364519,0.0847297030836668
7,42824.5380001068,137553.312999964,76750.6161513218,10,regular,15,by_practice,2,7,-4.43923548767004,0.371961417192928,0.0487657860504038
7,42824.5380001068,137553.312999964,76750.6161513218,10,regular,15,by_practice,2,6,-4.63948552565416,0.353394458482834,0.029996972700964
7,42824.5380001068,137553.312999964,76750.6161513218,10,regular,15,by_practice,2,14,-3.93189644222853,0.416370912455168,0.14619068778519
7,42824.5380001068,137553.312999964,76750.6161513218,10,regular,15,by_practice,2,12,-3.86133553929286,0.421997024159733,0.166001993783106
7,42824.5380001068,137553.312999964,76750.6161513218,10,regular,15,by_practice,2,9,-4.15299907665659,0.396737626582889,0.0917014797628203
7,42824.5380001068,137553.312999964,76750.6161513218,10,regular,15,by_practice,2,10,-3.86653871532618,0.421806145071032,0.166715476110837
7,42824.5380001068,137553.312999964,76750.6161513218,10,regular,15,by_practice,2,21+,-2.78957446598039,0.516939367464997,1
7,42824.5380001068,137553.312999964,76750.6161513218,10,regular,15,by_practice,2,11,-3.76254446553153,0.429440552295022,0.197828824095055
7,42824.5380001068,137553.312999964,76750.6161513218,10,regular,15,by_practice,2,17,-3.27261419942581,0.479731585122104,0.631141464644307
7,42824.5380001068,137553.312999964,76750.6161513218,10,regular,15,by_practice,2,13,-3.71674202393562,0.434767157652487,0.222481234208245
7,42824.5380001068,137553.312999964,76750.6161513218,10,regular,15,by_practice,2,18,-3.62028195572938,0.445211635039534,0.282451730389564
7,42824.5380001068,137553.312999964,76750.6161513218,10,regular,15,by_practice,2,16,-3.23546735429357,0.477068606988427,0.584474539528907
7,42824.5380001068,137553.312999964,76750.6161513218,10,regular,15,by_practice,2,19,-3.63344404208245,0.442253031012564,0.259246989051234
7,42824.5380001068,137553.312999964,76750.6161513218,10,regular,15,by_practice,2,15,-3.42807050174693,0.460342025861453,0.401042653547232
7,42824.5380001068,137553.312999964,76750.6161513218,10,regular,15,by_practice,2,20,-3.10039737240232,0.494720611393032,0.887012142578254
8,138609.907999992,441248.032000065,247308.206739499,10,regular,16,by_practice,2,4,-5.09917799321155,0.331159403192443,0.0146636896953111
8,138609.907999992,441248.032000065,247308.206739499,10,regular,16,by_practice,2,5,-5.17524036893806,0.32562183786283,0.0104015911775322
8,138609.907999992,441248.032000065,247308.206739499,10,regular,16,by_practice,2,8,-4.38164837210653,0.3878452030055,0.0592754367267944
8,138609.907999992,441248.032000065,247308.206739499,10,regular,16,by_practice,2,7,-4.58990193576985,0.371269808062862,0.038091557235611
8,138609.907999992,441248.032000065,247308.206739499,10,regular,16,by_practice,2,6,-4.90361112273894,0.346320311547101,0.0196735668589242
8,138609.907999992,441248.032000065,247308.206739499,10,regular,16,by_practice,2,14,-3.55290449925328,0.454742295099068,0.324348761355194
8,138609.907999992,441248.032000065,247308.206739499,10,regular,16,by_practice,2,12,-3.64478614773458,0.447583383765424,0.27008584644994
8,138609.907999992,441248.032000065,247308.206739499,10,regular,16,by_practice,2,9,-4.217715148211,0.40072678398583,0.081413742440763
8,138609.907999992,441248.032000065,247308.206739499,10,regular,16,by_practice,2,10,-4.1130037006511,0.41117463707777,0.110014105756042
8,138609.907999992,441248.032000065,247308.206739499,10,regular,16,by_practice,2,21+,-2.9860525938751,0.500390218707332,1
8,138609.907999992,441248.032000065,247308.206739499,10,regular,16,by_practice,2,11,-3.91665340177698,0.425688356715918,0.155803306284295
8,138609.907999992,441248.032000065,247308.206739499,10,regular,16,by_practice,2,17,-3.48965733311825,0.462518846274221,0.395067228563398
8,138609.907999992,441248.032000065,247308.206739499,10,regular,16,by_practice,2,13,-3.72152188262455,0.444778713698391,0.255563198533808
8,138609.907999992,441248.032000065,247308.206739499,10,regular,16,by_practice,2,18,-3.71863992809269,0.444174461563109,0.251977371414278
8,138609.907999992,441248.032000065,247308.206739499,10,regular,16,by_practice,2,16,-3.4271154143865,0.463855446458941,0.399808768661067
8,138609.907999992,441248.032000065,247308.206739499,10,regular,16,by_practice,2,19,-3.3018319463507,0.474873478680923,0.528914898860823
8,138609.907999992,441248.032000065,247308.206739499,10,regular,16,by_practice,2,15,-3.49143341949921,0.458991170255856,0.356431240519926
8,138609.907999992,441248.032000065,247308.206739499,10,regular,16,by_practice,2,20,-3.81664615535661,0.439404953707896,0.225878843725354
9,444687.072000027,1410000.22900009,791838.91881709,10,regular,17,by_practice,2,4,-5.6231181812633,0.307574287743226,0.00530047585111573
9,444687.072000027,1410000.22900009,791838.91881709,10,regular,17,by_practice,2,5,-5.44950611059676,0.320381291811051,0.00699023910770682
9,444687.072000027,1410000.22900009,791838.91881709,10,regular,17,by_practice,2,8,-4.65149713352501,0.379730203062741,0.039605432672272
9,444687.072000027,1410000.22900009,791838.91881709,10,regular,17,by_practice,2,7,-4.87982194339718,0.362546339846881,0.0243430644843054
9,444687.072000027,1410000.22900009,791838.91881709,10,regular,17,by_practice,2,6,-5.14778143924375,0.342659900667946,0.0136496376620904
9,444687.072000027,1410000.22900009,791838.91881709,10,regular,17,by_practice,2,14,-4.4055208128109,0.396992663177219,0.0635717707176119
9,444687.072000027,1410000.22900009,791838.91881709,10,regular,17,by_practice,2,12,-4.17174433780028,0.415212934755733,0.101013042099791
9,444687.072000027,1410000.22900009,791838.91881709,10,regular,17,by_practice,2,9,-4.6740881333027,0.378255037104266,0.0375903991200114
9,444687.072000027,1410000.22900009,791838.91881709,10,regular,17,by_practice,2,10,-4.18282585834371,0.413936813911188,0.100249804520751
9,444687.072000027,1410000.22900009,791838.91881709,10,regular,17,by_practice,2,21+,-3.56897693716514,0.45231467359687,0.284390590421147
9,444687.072000027,1410000.22900009,791838.91881709,10,regular,17,by_practice,2,11,-4.31311810097298,0.40311964698359,0.0742602296592908
9,444687.072000027,1410000.22900009,791838.91881709,10,regular,17,by_practice,2,17,-2.73724008516208,0.522296749026879,1
9,444687.072000027,1410000.22900009,791838.91881709,10,regular,17,by_practice,2,13,-3.60159920534802,0.456778032104706,0.311792415608717
9,444687.072000027,1410000.22900009,791838.91881709,10,regular,17,by_practice,2,18,-4.24472465145935,0.40631583264378,0.0743326488653288
9,444687.072000027,1410000.22900009,791838.91881709,10,regular,17,by_practice,2,16,-4.20888460896753,0.411410676513785,0.0941613136867797
9,444687.072000027,1410000.22900009,791838.91881709,10,regular,17,by_practice,2,15,-3.3948156651416,0.471784901486721,0.471520503890655
9,444687.072000027,1410000.22900009,791838.91881709,10,regular,17,by_practice,2,20,-4.28307881010955,0.405623421896725,0.0802711116200037
10,1458368.50699997,4605678.9519999,2591674.58160728,10,regular,18,by_practice,2,4,-6.08541027685144,0.288639070405762,0.00174900445512657
10,1458368.50699997,4605678.9519999,2591674.58160728,10,regular,18,by_practice,2,5,-5.7859421724311,0.308407765425188,0.00315472426841922
10,1458368.50699997,4605678.9519999,2591674.58160728,10,regular,18,by_practice,2,8,-4.68855496978574,0.379579078284544,0.0278890748195022
10,1458368.50699997,4605678.9519999,2591674.58160728,10,regular,18,by_practice,2,7,-5.04811927247559,0.357417724592381,0.0141480992295004
10,1458368.50699997,4605678.9519999,2591674.58160728,10,regular,18,by_practice,2,6,-5.50576013687576,0.328287503274274,0.00588394442214938
10,1458368.50699997,4605678.9519999,2591674.58160728,10,regular,18,by_practice,2,14,-5.09559534165294,0.359976605945809,0.0153226315630901
10,1458368.50699997,4605678.9519999,2591674.58160728,10,regular,18,by_practice,2,12,-4.38713517989124,0.401773766539865,0.0546542939240978
10,1458368.50699997,4605678.9519999,2591674.58160728,10,regular,18,by_practice,2,9,-4.94142940963732,0.362255120933757,0.0164917265231306
10,1458368.50699997,4605678.9519999,2591674.58160728,10,regular,18,by_practice,2,10,-4.83564300003581,0.369937910139807,0.0205810428615253
10,1458368.50699997,4605678.9519999,2591674.58160728,10,regular,18,by_practice,2,21+,-3.84669228871975,0.445481747031591,0.201254010056857
10,1458368.50699997,4605678.9519999,2591674.58160728,10,regular,18,by_practice,2,11,-4.95730188268145,0.361147231796385,0.0156968918964394
10,1458368.50699997,4605678.9519999,2591674.58160728,10,regular,18,by_practice,2,17,-4.04791682431797,0.42333796495844,0.101040393260397
10,1458368.50699997,4605678.9519999,2591674.58160728,10,regular,18,by_practice,2,16,-3.9372074512155,0.428885048135431,0.119255282731311
1,38.3629999160767,68.6730000972748,51.3274029828949,20,regular,19,by_practice,2,4,-3.01024694418025,0.499099388062619,0.936011088783357
1,38.3629999160767,68.6730000972748,51.3274029828949,20,regular,19,by_practice,2,5,-3.11309401598515,0.515533106032399,1
1,38.3629999160767,68.6730000972748,51.3274029828949,20,regular,19,by_practice,2,8,-2.2198854932009,0.643554337794961,1
1,38.3629999160767,68.6730000972748,51.3274029828949,20,regular,19,by_practice,2,7,-2.49981333251642,0.595982366685669,1
1,38.3629999160767,68.6730000972748,51.3274029828949,20,regular,19,by_practice,2,6,-2.50907081350837,0.598042886668591,1
2,68.949000120163,121.253999948502,91.4349061191595,20,regular,20,by_practice,2,4,-2.77252692280509,0.534416492181792,1
2,68.949000120163,121.253999948502,91.4349061191595,20,regular,20,by_practice,2,5,-2.891562885975,0.543948021946693,1
2,68.949000120163,121.253999948502,91.4349061191595,20,regular,20,by_practice,2,8,-1.86383418848448,0.678907494609405,1
2,68.949000120163,121.253999948502,91.4349061191595,20,regular,20,by_practice,2,7,-3.11412250971402,0.51198704476403,1
2,68.949000120163,121.253999948502,91.4349061191595,20,regular,20,by_practice,2,6,-2.614329556372,0.578227211134658,1
2,68.949000120163,121.253999948502,91.4349061191595,20,regular,20,by_practice,2,12,-1.99199635389732,0.689319952578194,1
2,68.949000120163,121.253999948502,91.4349061191595,20,regular,20,by_practice,2,9,-2.20243447304466,0.643070863034989,1
2,68.949000120163,121.253999948502,91.4349061191595,20,regular,20,by_practice,2,10,-2.19196549520272,0.652523017373716,1
2,68.949000120163,121.253999948502,91.4349061191595,20,regular,20,by_practice,2,21+,-1.04755526598382,0.83138421213406,1
2,68.949000120163,121.253999948502,91.4349061191595,20,regular,20,by_practice,2,16,-1.12258444267298,0.746875498848378,1
3,123.598999977112,220.978999853134,165.265796212615,20,regular,21,by_practice,2,4,-3.08254412928842,0.486465944084902,0.560275206202619
3,123.598999977112,220.978999853134,165.265796212615,20,regular,21,by_practice,2,5,-2.88439616185336,0.539813781539544,1
3,123.598999977112,220.978999853134,165.265796212615,20,regular,21,by_practice,2,8,-3.05893621078585,0.503619600903515,1
3,123.598999977112,220.978999853134,165.265796212615,20,regular,21,by_practice,2,7,-3.05117311653497,0.505473909715378,1
3,123.598999977112,220.978999853134,165.265796212615,20,regular,21,by_practice,2,6,-3.07397968735839,0.500246757154718,0.993833205134171
3,123.598999977112,220.978999853134,165.265796212615,20,regular,21,by_practice,2,12,-1.65400040982894,0.702845029601031,1
3,123.598999977112,220.978999853134,165.265796212615,20,regular,21,by_practice,2,9,-2.72493691466792,0.558212363623637,1
3,123.598999977112,220.978999853134,165.265796212615,20,regular,21,by_practice,2,10,-2.55611940457484,0.580806949510512,1
3,123.598999977112,220.978999853134,165.265796212615,20,regular,21,by_practice,2,21+,-1.37292524734086,0.732702275272155,1
3,123.598999977112,220.978999853134,165.265796212615,20,regular,21,by_practice,2,13,-2.04699279328505,0.662515953579845,1
3,123.598999977112,220.978999853134,165.265796212615,20,regular,21,by_practice,2,19,-1.02996709417164,0.81702965042711,1
3,123.598999977112,220.978999853134,165.265796212615,20,regular,21,by_practice,2,15,-1.51712270649655,0.703476907434889,1
4,224.68799996376,395.178999900818,297.979830047931,20,regular,22,by_practice,2,4,-3.1693893926971,0.472744994855689,0.443447398468424
4,224.68799996376,395.178999900818,297.979830047931,20,regular,22,by_practice,2,5,-2.86693007183748,0.532342755446976,1
4,224.68799996376,395.178999900818,297.979830047931,20,regular,22,by_practice,2,8,-2.51440311547956,0.58020888562537,1
4,224.68799996376,395.178999900818,297.979830047931,20,regular,22,by_practice,2,7,-3.0223550254395,0.500063155985424,0.999811189107279
4,224.68799996376,395.178999900818,297.979830047931,20,regular,22,by_practice,2,6,-3.32030046440985,0.459104662839658,3.94430452610506e-31
4,224.68799996376,395.178999900818,297.979830047931,20,regular,22,by_practice,2,14,-1.87573747905766,0.666999773743542,1
4,224.68799996376,395.178999900818,297.979830047931,20,regular,22,by_practice,2,12,-2.06742309996807,0.634822062596212,1
4,224.68799996376,395.178999900818,297.979830047931,20,regular,22,by_practice,2,9,-2.54524426049814,0.583516505412214,1
4,224.68799996376,395.178999900818,297.979830047931,20,regular,22,by_practice,2,21+,-1.36748140922891,0.728844078769241,1
4,224.68799996376,395.178999900818,297.979830047931,20,regular,22,by_practice,2,13,-2.15372562230848,0.628760994773484,1
4,224.68799996376,395.178999900818,297.979830047931,20,regular,22,by_practice,2,19,-0.800430932022621,0.822030251651075,1
5,398.260999917984,713.151999950409,532.935857860737,20,regular,23,by_practice,2,4,-3.41175265611447,0.440110133070942,0.106846456755896
5,398.260999917984,713.151999950409,532.935857860737,20,regular,23,by_practice,2,5,-3.21970681135351,0.477915675433335,0.54051538127625
5,398.260999917984,713.151999950409,532.935857860737,20,regular,23,by_practice,2,8,-2.1188828867491,0.636380707126957,1
5,398.260999917984,713.151999950409,532.935857860737,20,regular,23,by_practice,2,7,-2.82887558355,0.526978444713278,1
5,398.260999917984,713.151999950409,532.935857860737,20,regular,23,by_practice,2,6,-3.44503816872124,0.439260678107739,3.94430452610506e-31
5,398.260999917984,713.151999950409,532.935857860737,20,regular,23,by_practice,2,9,-2.08715933523395,0.637936471334993,1
5,398.260999917984,713.151999950409,532.935857860737,20,regular,23,by_practice,2,21+,-1.54649556853681,0.693487072067908,1
5,398.260999917984,713.151999950409,532.935857860737,20,regular,23,by_practice,2,11,-2.60199493975383,0.557746600745103,1
5,398.260999917984,713.151999950409,532.935857860737,20,regular,23,by_practice,2,13,-2.07193653880759,0.638205928890872,1
6,719.106000185013,1281.28500008583,959.885269971769,20,regular,24,by_practice,2,4,-3.2572018257697,0.464214926330829,0.495407547338826
6,719.106000185013,1281.28500008583,959.885269971769,20,regular,24,by_practice,2,5,-3.33499851412643,0.458566171170266,0.304454341175452
6,719.106000185013,1281.28500008583,959.885269971769,20,regular,24,by_practice,2,8,-2.98346168534029,0.500665000264901,1
6,719.106000185013,1281.28500008583,959.885269971769,20,regular,24,by_practice,2,7,-2.88941950789087,0.51688219813034,1
6,719.106000185013,1281.28500008583,959.885269971769,20,regular,24,by_practice,2,6,-3.13894563689725,0.481613522247836,0.641491123984128
6,719.106000185013,1281.28500008583,959.885269971769,20,regular,24,by_practice,2,14,-1.62950172928297,0.692156390639869,1
6,719.106000185013,1281.28500008583,959.885269971769,20,regular,24,by_practice,2,12,-2.15603412277519,0.615485927195016,1
6,719.106000185013,1281.28500008583,959.885269971769,20,regular,24,by_practice,2,9,-3.22354680064086,0.471085897438539,0.33785804003755
6,719.106000185013,1281.28500008583,959.885269971769,20,regular,24,by_practice,2,10,-2.51545784768374,0.566957635870032,1
6,719.106000185013,1281.28500008583,959.885269971769,20,regular,24,by_practice,2,21+,-1.35824443276575,0.728456230794406,1
6,719.106000185013,1281.28500008583,959.885269971769,20,regular,24,by_practice,2,11,-1.84647564780659,0.658732793533567,1
6,719.106000185013,1281.28500008583,959.885269971769,20,regular,24,by_practice,2,13,-1.96382318162764,0.648598122435437,1
7,1285.92199993134,2299.80999994278,1719.70237965426,20,regular,25,by_practice,2,4,-3.27909272747502,0.464524329774198,0.505426645390664
7,1285.92199993134,2299.80999994278,1719.70237965426,20,regular,25,by_practice,2,5,-3.56878049557853,0.427445708658888,0.102506666288546
7,1285.92199993134,2299.80999994278,1719.70237965426,20,regular,25,by_practice,2,8,-3.11196080783788,0.488419932342221,0.793287846378549
7,1285.92199993134,2299.80999994278,1719.70237965426,20,regular,25,by_practice,2,7,-2.93159031080792,0.507220100766519,1
7,1285.92199993134,2299.80999994278,1719.70237965426,20,regular,25,by_practice,2,6,-3.25398991705084,0.467087290245096,0.469315361063668
7,1285.92199993134,2299.80999994278,1719.70237965426,20,regular,25,by_practice,2,12,-2.02057062098648,0.621287620038736,1
7,1285.92199993134,2299.80999994278,1719.70237965426,20,regular,25,by_practice,2,9,-3.03924631040409,0.494958923232772,0.891841094377861
7,1285.92199993134,2299.80999994278,1719.70237965426,20,regular,25,by_practice,2,10,-2.63552945117341,0.548873363444185,1
7,1285.92199993134,2299.80999994278,1719.70237965426,20,regular,25,by_practice,2,11,-2.89813845058358,0.51632215479143,1
8,2304.1139998436,4117.75299978256,3080.22277355015,20,regular,26,by_practice,2,4,-3.71843392203682,0.413215144932807,0.168579568183177
8,2304.1139998436,4117.75299978256,3080.22277355015,20,regular,26,by_practice,2,5,-3.90998359644175,0.388730494945149,0.00463218090306895
8,2304.1139998436,4117.75299978256,3080.22277355015,20,regular,26,by_practice,2,8,-3.14098522587414,0.481204973333194,0.702569076108549
8,2304.1139998436,4117.75299978256,3080.22277355015,20,regular,26,by_practice,2,7,-3.33414895677476,0.458965564915054,0.414197711277294
8,2304.1139998436,4117.75299978256,3080.22277355015,20,regular,26,by_practice,2,6,-3.50697000944475,0.437876991921512,0.238211334051976
8,2304.1139998436,4117.75299978256,3080.22277355015,20,regular,26,by_practice,2,14,-2.14986352215819,0.6039605350402,1
8,2304.1139998436,4117.75299978256,3080.22277355015,20,regular,26,by_practice,2,12,-2.64040686373685,0.543852562113568,1
8,2304.1139998436,4117.75299978256,3080.22277355015,20,regular,26,by_practice,2,9,-3.2749762651609,0.465406225920686,0.506766008160963
8,2304.1139998436,4117.75299978256,3080.22277355015,20,regular,26,by_practice,2,10,-2.688790358158,0.53478030607294,1
8,2304.1139998436,4117.75299978256,3080.22277355015,20,regular,26,by_practice,2,21+,-1.80435367442608,0.64828264215525,1
8,2304.1139998436,4117.75299978256,3080.22277355015,20,regular,26,by_practice,2,11,-2.46844375450832,0.563078542574413,1
8,2304.1139998436,4117.75299978256,3080.22277355015,20,regular,26,by_practice,2,13,-2.21518926537655,0.59529224089118,1
8,2304.1139998436,4117.75299978256,3080.22277355015,20,regular,26,by_practice,2,18,-1.84663901055888,0.63855528916076,1
8,2304.1139998436,4117.75299978256,3080.22277355015,20,regular,26,by_practice,2,16,-2.32581366041395,0.583306785845343,1
9,4159.79800009727,7391.78800010681,5545.11901946093,20,regular,27,by_practice,2,4,-3.81220320916386,0.406537594586333,0.158924247613871
9,4159.79800009727,7391.78800010681,5545.11901946093,20,regular,27,by_practice,2,5,-3.8216720180765,0.405827278196664,0.127327887872297
9,4159.79800009727,7391.78800010681,5545.11901946093,20,regular,27,by_practice,2,8,-3.75441509786211,0.414852921853203,0.158731999071342
9,4159.79800009727,7391.78800010681,5545.11901946093,20,regular,27,by_practice,2,7,-3.52964431552047,0.441068071103809,0.299708603575389
9,4159.79800009727,7391.78800010681,5545.11901946093,20,regular,27,by_practice,2,6,-3.52138675816538,0.441468912436804,0.278625269416645
9,4159.79800009727,7391.78800010681,5545.11901946093,20,regular,27,by_practice,2,12,-2.43446995863229,0.56412920624733,1
9,4159.79800009727,7391.78800010681,5545.11901946093,20,regular,27,by_practice,2,9,-3.05447402245516,0.49521315576836,0.915395947194258
9,4159.79800009727,7391.78800010681,5545.11901946093,20,regular,27,by_practice,2,10,-2.93844083188451,0.505170876324618,1
9,4159.79800009727,7391.78800010681,5545.11901946093,20,regular,27,by_practice,2,21+,-1.92148438322767,0.620129401324754,1
9,4159.79800009727,7391.78800010681,5545.11901946093,20,regular,27,by_practice,2,11,-2.41129043727259,0.572785925291413,1
9,4159.79800009727,7391.78800010681,5545.11901946093,20,regular,27,by_practice,2,17,-2.38327733359217,0.573251549060004,1
9,4159.79800009727,7391.78800010681,5545.11901946093,20,regular,27,by_practice,2,13,-2.30527048618086,0.584511185128232,1
10,7453.84100008011,13238.1209998131,9933.52148396672,20,regular,28,by_practice,2,4,-3.86525739895041,0.40657729781747,0.15394187134879
10,7453.84100008011,13238.1209998131,9933.52148396672,20,regular,28,by_practice,2,5,-3.98083236562776,0.394438210533227,0.0974260853314962
10,7453.84100008011,13238.1209998131,9933.52148396672,20,regular,28,by_practice,2,8,-3.32392366281819,0.465002247769329,0.488800533510424
10,7453.84100008011,13238.1209998131,9933.52148396672,20,regular,28,by_practice,2,7,-3.43752702993677,0.45389839085326,0.384527738030032
10,7453.84100008011,13238.1209998131,9933.52148396672,20,regular,28,by_practice,2,6,-3.72139726923992,0.422145865453916,0.186299360602529
10,7453.84100008011,13238.1209998131,9933.52148396672,20,regular,28,by_practice,2,12,-3.14411007538944,0.487379370304237,0.775036206292621
10,7453.84100008011,13238.1209998131,9933.52148396672,20,regular,28,by_practice,2,9,-2.87679916463445,0.515029378694356,1
10,7453.84100008011,13238.1209998131,9933.52148396672,20,regular,28,by_practice,2,10,-3.35117523607686,0.462406971681067,0.467624183415312
10,7453.84100008011,13238.1209998131,9933.52148396672,20,regular,28,by_practice,2,21+,-2.44297487357809,0.559316842908412,1
10,7453.84100008011,13238.1209998131,9933.52148396672,20,regular,28,by_practice,2,11,-3.43185609127742,0.453381750365042,0.361181343284181
10,7453.84100008011,13238.1209998131,9933.52148396672,20,regular,28,by_practice,2,16,-1.36545546960017,0.677289905386996,1
11,13371.3069999218,23490.6749999523,17722.8955608205,20,regular,29,by_practice,2,4,-4.11987793533032,0.385298102188482,0.0903100070171109
11,13371.3069999218,23490.6749999523,17722.8955608205,20,regular,29,by_practice,2,5,-4.10606687772598,0.386924841219566,0.079927775750903
11,13371.3069999218,23490.6749999523,17722.8955608205,20,regular,29,by_practice,2,8,-3.23283078198833,0.475781564575916,0.615582930567162
11,13371.3069999218,23490.6749999523,17722.8955608205,20,regular,29,by_practice,2,7,-3.8561954702029,0.413784464061716,0.151067631065982
11,13371.3069999218,23490.6749999523,17722.8955608205,20,regular,29,by_practice,2,6,-3.91895652592291,0.406300266289953,0.131564641662215
11,13371.3069999218,23490.6749999523,17722.8955608205,20,regular,29,by_practice,2,14,-3.34597077660112,0.466314277067849,0.470514542308171
11,13371.3069999218,23490.6749999523,17722.8955608205,20,regular,29,by_practice,2,12,-3.19876124298258,0.476702484349084,0.620482297886249
11,13371.3069999218,23490.6749999523,17722.8955608205,20,regular,29,by_practice,2,9,-3.27447896655428,0.473676036923617,0.574055281128115
11,13371.3069999218,23490.6749999523,17722.8955608205,20,regular,29,by_practice,2,10,-3.61313719724109,0.437712518175304,0.255843175207689
11,13371.3069999218,23490.6749999523,17722.8955608205,20,regular,29,by_practice,2,21+,-2.59263765632372,0.54110384686258,1
11,13371.3069999218,23490.6749999523,17722.8955608205,20,regular,29,by_practice,2,11,-3.405104613682,0.459022333373626,0.424227235361445
11,13371.3069999218,23490.6749999523,17722.8955608205,20,regular,29,by_practice,2,17,-2.83410795206804,0.513425236782474,1
11,13371.3069999218,23490.6749999523,17722.8955608205,20,regular,29,by_practice,2,13,-2.84782626001791,0.517960576942162,1
11,13371.3069999218,23490.6749999523,17722.8955608205,20,regular,29,by_practice,2,16,-2.76538989949099,0.526664221284344,1
11,13371.3069999218,23490.6749999523,17722.8955608205,20,regular,29,by_practice,2,15,-3.23601272096173,0.475553281750294,0.593492431335568
12,24164.364000082,42791.6510000229,32156.38398404,20,regular,30,by_practice,2,4,-4.46628345817709,0.359986161682141,0.0433256768842879
12,24164.364000082,42791.6510000229,32156.38398404,20,regular,30,by_practice,2,5,-4.59967591702364,0.34661249935945,0.025301438981582
12,24164.364000082,42791.6510000229,32156.38398404,20,regular,30,by_practice,2,8,-3.91646741822529,0.411952200535943,0.147206902147512
12,24164.364000082,42791.6510000229,32156.38398404,20,regular,30,by_practice,2,7,-4.1276311565633,0.390391087269385,0.0851449814556525
12,24164.364000082,42791.6510000229,32156.38398404,20,regular,30,by_practice,2,6,-4.46180578191008,0.35803651165767,0.0376562874821873
12,24164.364000082,42791.6510000229,32156.38398404,20,regular,30,by_practice,2,12,-2.7507072886317,0.522406586156883,1
12,24164.364000082,42791.6510000229,32156.38398404,20,regular,30,by_practice,2,9,-3.66185794292584,0.435410020994989,0.244488719018077
12,24164.364000082,42791.6510000229,32156.38398404,20,regular,30,by_practice,2,10,-3.6199466621956,0.441151783507753,0.280569267399441
12,24164.364000082,42791.6510000229,32156.38398404,20,regular,30,by_practice,2,21+,-2.28799468694531,0.561126373566322,1
12,24164.364000082,42791.6510000229,32156.38398404,20,regular,30,by_practice,2,11,-4.04705018157541,0.397496269847952,0.0868557039275741
12,24164.364000082,42791.6510000229,32156.38398404,20,regular,30,by_practice,2,13,-3.71057724270912,0.431127350092984,0.22072516045517
12,24164.364000082,42791.6510000229,32156.38398404,20,regular,30,by_practice,2,15,-3.16962639287591,0.483517189168295,0.705224445718154
12,24164.364000082,42791.6510000229,32156.38398404,20,regular,30,by_practice,2,20,-2.66380681899242,0.527233684055524,1
13,42824.5380001068,76709.8499999046,57315.4768479109,20,regular,31,by_practice,2,4,-4.88046116021205,0.329170214115903,0.0179331911727105
13,42824.5380001068,76709.8499999046,57315.4768479109,20,regular,31,by_practice,2,5,-4.85453489904186,0.331683539242831,0.0163103364354175
13,42824.5380001068,76709.8499999046,57315.4768479109,20,regular,31,by_practice,2,8,-4.07647085553004,0.401535296508639,0.105587439368772
13,42824.5380001068,76709.8499999046,57315.4768479109,20,regular,31,by_practice,2,7,-4.28361996331413,0.383324838705789,0.0652352279839634
13,42824.5380001068,76709.8499999046,57315.4768479109,20,regular,31,by_practice,2,6,-4.61750519402914,0.35255756643986,0.029501448972541
13,42824.5380001068,76709.8499999046,57315.4768479109,20,regular,31,by_practice,2,14,-4.34774741259376,0.378077587657645,0.0572546201397624
13,42824.5380001068,76709.8499999046,57315.4768479109,20,regular,31,by_practice,2,12,-3.58563641746992,0.44580247716384,0.301233003539818
13,42824.5380001068,76709.8499999046,57315.4768479109,20,regular,31,by_practice,2,9,-4.2142518001983,0.389263356565037,0.0780377560315909
13,42824.5380001068,76709.8499999046,57315.4768479109,20,regular,31,by_practice,2,10,-3.97818980331303,0.409993557640338,0.126200326951127
13,42824.5380001068,76709.8499999046,57315.4768479109,20,regular,31,by_practice,2,21+,-2.90552097281937,0.511476089042055,1
13,42824.5380001068,76709.8499999046,57315.4768479109,20,regular,31,by_practice,2,11,-3.72135940922824,0.433872462693802,0.223586279558943
13,42824.5380001068,76709.8499999046,57315.4768479109,20,regular,31,by_practice,2,17,-2.98987675446673,0.499102230230898,0.980173173910237
13,42824.5380001068,76709.8499999046,57315.4768479109,20,regular,31,by_practice,2,13,-3.94525298245991,0.415439817434925,0.140772600401266
13,42824.5380001068,76709.8499999046,57315.4768479109,20,regular,31,by_practice,2,18,-3.38978654588649,0.46360508022407,0.442739882246393
13,42824.5380001068,76709.8499999046,57315.4768479109,20,regular,31,by_practice,2,16,-2.63751752892338,0.53137445957927,1
13,42824.5380001068,76709.8499999046,57315.4768479109,20,regular,31,by_practice,2,15,-3.75635431079026,0.430487384684595,0.20427455887415
13,42824.5380001068,76709.8499999046,57315.4768479109,20,regular,31,by_practice,2,20,-3.00757570909104,0.499651847205146,0.992250980743407
14,76959.0260000229,137553.312999964,102888.138245152,20,regular,32,by_practice,2,4,-4.97767059215564,0.328497941151753,0.0166135462938401
14,76959.0260000229,137553.312999964,102888.138245152,20,regular,32,by_practice,2,5,-4.99305533395001,0.326677404155719,0.0125163795489878
14,76959.0260000229,137553.312999964,102888.138245152,20,regular,32,by_practice,2,8,-4.24052059082694,0.392739978768005,0.0794347361144682
14,76959.0260000229,137553.312999964,102888.138245152,20,regular,32,by_practice,2,7,-4.52199068130191,0.368037879529549,0.0423048990062362
14,76959.0260000229,137553.312999964,102888.138245152,20,regular,32,by_practice,2,6,-4.64928477183017,0.356933979265694,0.0313912733542017
14,76959.0260000229,137553.312999964,102888.138245152,20,regular,32,by_practice,2,14,-3.72342116034502,0.436950301961587,0.231962488808102
14,76959.0260000229,137553.312999964,102888.138245152,20,regular,32,by_practice,2,12,-4.12657269457149,0.402556389475169,0.0981318558257631
14,76959.0260000229,137553.312999964,102888.138245152,20,regular,32,by_practice,2,9,-4.1179259124758,0.403657036609656,0.103869310582176
14,76959.0260000229,137553.312999964,102888.138245152,20,regular,32,by_practice,2,10,-3.79843749387844,0.430732926513929,0.198237286385893
14,76959.0260000229,137553.312999964,102888.138245152,20,regular,32,by_practice,2,21+,-2.7282157318322,0.518595370936148,1
14,76959.0260000229,137553.312999964,102888.138245152,20,regular,32,by_practice,2,11,-3.79184143041292,0.431649841567924,0.204972836820812
14,76959.0260000229,137553.312999964,102888.138245152,20,regular,32,by_practice,2,17,-3.67732737841018,0.443310348891599,0.2662249505318
14,76959.0260000229,137553.312999964,102888.138245152,20,regular,32,by_practice,2,13,-3.62809434456277,0.447608473799072,0.292350708974898
14,76959.0260000229,137553.312999964,102888.138245152,20,regular,32,by_practice,2,18,-3.71040137927999,0.438409330962979,0.231727181008575
14,76959.0260000229,137553.312999964,102888.138245152,20,regular,32,by_practice,2,16,-3.53634003447047,0.453031879333431,0.335242140246958
14,76959.0260000229,137553.312999964,102888.138245152,20,regular,32,by_practice,2,19,-3.47312452594818,0.459585751587248,0.388664710253768
14,76959.0260000229,137553.312999964,102888.138245152,20,regular,32,by_practice,2,15,-3.35763017800655,0.470487892229267,0.507913748832736
14,76959.0260000229,137553.312999964,102888.138245152,20,regular,32,by_practice,2,20,-3.22559646931136,0.480741527101349,0.643357324830549
15,138609.907999992,247039.671000004,185046.334926307,20,regular,33,by_practice,2,4,-5.02788282179256,0.333023731331043,0.0159819927652328
15,138609.907999992,247039.671000004,185046.334926307,20,regular,33,by_practice,2,5,-5.10370619262302,0.326592280526722,0.0114596979774126
15,138609.907999992,247039.671000004,185046.334926307,20,regular,33,by_practice,2,8,-4.43502898944984,0.382218625461135,0.0537392148125953
15,138609.907999992,247039.671000004,185046.334926307,20,regular,33,by_practice,2,7,-4.47425252555533,0.378829482290151,0.0494883263046723
15,138609.907999992,247039.671000004,185046.334926307,20,regular,33,by_practice,2,6,-4.88310013017111,0.34511718468986,0.0197643953292289
15,138609.907999992,247039.671000004,185046.334926307,20,regular,33,by_practice,2,14,-3.62792282885668,0.448740925698903,0.284142229074856
15,138609.907999992,247039.671000004,185046.334926307,20,regular,33,by_practice,2,12,-3.66604987838096,0.445289826097104,0.262416811210424
15,138609.907999992,247039.671000004,185046.334926307,20,regular,33,by_practice,2,9,-4.11797247015841,0.408883546549749,0.104786165435017
15,138609.907999992,247039.671000004,185046.334926307,20,regular,33,by_practice,2,10,-4.06052380169764,0.413131508243456,0.119376626164246
15,138609.907999992,247039.671000004,185046.334926307,20,regular,33,by_practice,2,21+,-2.87767291303481,0.502366203426944,1
15,138609.907999992,247039.671000004,185046.334926307,20,regular,33,by_practice,2,11,-3.88895007514188,0.427047888266205,0.168221968468007
15,138609.907999992,247039.671000004,185046.334926307,20,regular,33,by_practice,2,17,-3.56298632268952,0.453303370913063,0.320767501838509
15,138609.907999992,247039.671000004,185046.334926307,20,regular,33,by_practice,2,13,-3.64538637948663,0.446206667271956,0.269330282703816
15,138609.907999992,247039.671000004,185046.334926307,20,regular,33,by_practice,2,18,-3.32100004912005,0.475869634654387,0.55864353677667
15,138609.907999992,247039.671000004,185046.334926307,20,regular,33,by_practice,2,16,-3.83200072813876,0.431810980852153,0.188422674851114
15,138609.907999992,247039.671000004,185046.334926307,20,regular,33,by_practice,2,15,-3.28564413815683,0.476311129441741,0.560893881449831
15,138609.907999992,247039.671000004,185046.334926307,20,regular,33,by_practice,2,20,-3.24300561010299,0.480583438486252,0.626762749075949
16,247494.954999924,441248.032000065,330464.312481183,20,regular,34,by_practice,2,4,-5.20548616872711,0.325286417031771,0.0111493535212385
16,247494.954999924,441248.032000065,330464.312481183,20,regular,34,by_practice,2,5,-5.25444169102488,0.322176566776312,0.00864140056399365
16,247494.954999924,441248.032000065,330464.312481183,20,regular,34,by_practice,2,8,-4.32169313211252,0.398334751964821,0.0758987697771982
16,247494.954999924,441248.032000065,330464.312481183,20,regular,34,by_practice,2,7,-4.70728979731513,0.367356976016884,0.0314416349044602
16,247494.954999924,441248.032000065,330464.312481183,20,regular,34,by_practice,2,6,-4.92452830628203,0.347994907386821,0.0189225280566674
16,247494.954999924,441248.032000065,330464.312481183,20,regular,34,by_practice,2,14,-3.47060395984123,0.463256729797456,0.394523789890892
16,247494.954999924,441248.032000065,330464.312481183,20,regular,34,by_practice,2,12,-3.62246329827239,0.448744543094332,0.269502391468462
16,247494.954999924,441248.032000065,330464.312481183,20,regular,34,by_practice,2,9,-4.32756291026069,0.397067218722882,0.0725113583248074
16,247494.954999924,441248.032000065,330464.312481183,20,regular,34,by_practice,2,10,-4.17507857613165,0.407712382473688,0.0937471797334834
16,247494.954999924,441248.032000065,330464.312481183,20,regular,34,by_practice,2,21+,-3.05250115090699,0.491530373549204,0.809400933780936
16,247494.954999924,441248.032000065,330464.312481183,20,regular,34,by_practice,2,11,-3.93828035906288,0.425145592343624,0.146383565566778
16,247494.954999924,441248.032000065,330464.312481183,20,regular,34,by_practice,2,17,-3.41590809649208,0.470395777892998,0.473969251159477
16,247494.954999924,441248.032000065,330464.312481183,20,regular,34,by_practice,2,13,-3.82321774963918,0.432566665989756,0.177288895945823
16,247494.954999924,441248.032000065,330464.312481183,20,regular,34,by_practice,2,18,-4.35556595246686,0.394026099599978,0.0662503543645817
16,247494.954999924,441248.032000065,330464.312481183,20,regular,34,by_practice,2,16,-3.24718937406356,0.479026277404841,0.584338090143362
16,247494.954999924,441248.032000065,330464.312481183,20,regular,34,by_practice,2,19,-3.20041007778666,0.484646311219067,0.677086758204946
16,247494.954999924,441248.032000065,330464.312481183,20,regular,34,by_practice,2,15,-3.65059682526442,0.449189708195568,0.273523551197707
17,444687.072000027,792104.104000092,593496.802625765,20,regular,35,by_practice,2,4,-5.51367856979181,0.311052243412511,0.00607703365813159
17,444687.072000027,792104.104000092,593496.802625765,20,regular,35,by_practice,2,5,-5.39339162716774,0.319869268365091,0.00719909440681218
17,444687.072000027,792104.104000092,593496.802625765,20,regular,35,by_practice,2,8,-4.6474708284389,0.375307632969681,0.0354406413464085
17,444687.072000027,792104.104000092,593496.802625765,20,regular,35,by_practice,2,7,-4.81796057777734,0.362907665416971,0.0250862565336686
17,444687.072000027,792104.104000092,593496.802625765,20,regular,35,by_practice,2,6,-5.02781142114145,0.346744007435137,0.0159709684094599
17,444687.072000027,792104.104000092,593496.802625765,20,regular,35,by_practice,2,14,-4.3300619716864,0.40010002318079,0.0704868321695521
17,444687.072000027,792104.104000092,593496.802625765,20,regular,35,by_practice,2,12,-3.77152868026067,0.441853582036762,0.212019893485197
17,444687.072000027,792104.104000092,593496.802625765,20,regular,35,by_practice,2,9,-4.56991469513786,0.381264445157409,0.0418377906599352
17,444687.072000027,792104.104000092,593496.802625765,20,regular,35,by_practice,2,10,-4.10473079710613,0.416379607783425,0.107009992225467
17,444687.072000027,792104.104000092,593496.802625765,20,regular,35,by_practice,2,21+,-3.74477223625933,0.437584290671322,0.191041501590792
17,444687.072000027,792104.104000092,593496.802625765,20,regular,35,by_practice,2,11,-4.21500481317054,0.408751896514345,0.0869480540143222
17,444687.072000027,792104.104000092,593496.802625765,20,regular,35,by_practice,2,13,-3.06302504776281,0.494781488534307,0.870268375458038
17,444687.072000027,792104.104000092,593496.802625765,20,regular,35,by_practice,2,16,-4.07267401870206,0.421609352355133,0.124061878137811
17,444687.072000027,792104.104000092,593496.802625765,20,regular,35,by_practice,2,15,-3.3948156651416,0.471784901486721,0.471520503890655
18,808071.109999895,1410000.22900009,1067417.65497307,20,regular,36,by_practice,2,4,-5.88836855586103,0.290891742649863,0.00284922731290503
18,808071.109999895,1410000.22900009,1067417.65497307,20,regular,36,by_practice,2,5,-5.5741009052783,0.314637410019801,0.00524364505882375
18,808071.109999895,1410000.22900009,1067417.65497307,20,regular,36,by_practice,2,8,-4.66109264232823,0.380676171276257,0.037318199194651
18,808071.109999895,1410000.22900009,1067417.65497307,20,regular,36,by_practice,2,7,-5.04485400734678,0.354090986192966,0.0171213271932496
18,808071.109999895,1410000.22900009,1067417.65497307,20,regular,36,by_practice,2,6,-5.31735142062327,0.332923887690835,0.00909535754559549
18,808071.109999895,1410000.22900009,1067417.65497307,20,regular,36,by_practice,2,14,-4.66977530733055,0.381489213668778,0.0380343823611623
18,808071.109999895,1410000.22900009,1067417.65497307,20,regular,36,by_practice,2,12,-4.65901926518533,0.379220863162912,0.0343519156862033
18,808071.109999895,1410000.22900009,1067417.65497307,20,regular,36,by_practice,2,9,-4.98870498235664,0.356226021692047,0.0182084879037132
18,808071.109999895,1410000.22900009,1067417.65497307,20,regular,36,by_practice,2,10,-4.4390629000303,0.397485944997297,0.0593625918725948
18,808071.109999895,1410000.22900009,1067417.65497307,20,regular,36,by_practice,2,21+,-3.41952498378293,0.46200464261907,0.353827542772355
18,808071.109999895,1410000.22900009,1067417.65497307,20,regular,36,by_practice,2,11,-4.57821671067117,0.386267146413018,0.04326868227481
18,808071.109999895,1410000.22900009,1067417.65497307,20,regular,36,by_practice,2,17,-3.70908869622758,0.447773886761807,0.239284450237244
18,808071.109999895,1410000.22900009,1067417.65497307,20,regular,36,by_practice,2,13,-4.04294564727948,0.426080681040344,0.131781141201502
18,808071.109999895,1410000.22900009,1067417.65497307,20,regular,36,by_practice,2,18,-4.09282598935889,0.42003814268131,0.108296220659661
19,1458368.50699997,2566018.70299983,1934476.89694859,20,regular,37,by_practice,2,4,-5.98225847026908,0.293331911235712,0.00244212896151775
19,1458368.50699997,2566018.70299983,1934476.89694859,20,regular,37,by_practice,2,5,-5.65796089635813,0.316515514821961,0.00460121072626887
19,1458368.50699997,2566018.70299983,1934476.89694859,20,regular,37,by_practice,2,8,-3.96708076687549,0.433758118615443,0.149031513302283
19,1458368.50699997,2566018.70299983,1934476.89694859,20,regular,37,by_practice,2,7,-4.20800588416305,0.416520137810591,0.0903927643591051
19,1458368.50699997,2566018.70299983,1934476.89694859,20,regular,37,by_practice,2,6,-4.62771832498431,0.387074138658959,0.0371745341105667
19,1458368.50699997,2566018.70299983,1934476.89694859,20,regular,37,by_practice,2,9,-4.46604203550116,0.400476793559185,0.0580708758833651
19,1458368.50699997,2566018.70299983,1934476.89694859,20,regular,37,by_practice,2,10,-4.75554220022876,0.379106300101194,0.0305256411685056
19,1458368.50699997,2566018.70299983,1934476.89694859,20,regular,37,by_practice,2,11,-4.87896929886034,0.370740493370623,0.0244878596355416
20,2573482.61699986,4605678.9519999,3442765.56309806,20,regular,38,by_practice,2,4,-6.14111165362451,0.289711423626573,0.00178838020995697
20,2573482.61699986,4605678.9519999,3442765.56309806,20,regular,38,by_practice,2,5,-5.84929071820189,0.308867313603022,0.00317241216075261
20,2573482.61699986,4605678.9519999,3442765.56309806,20,regular,38,by_practice,2,8,-5.12174284967903,0.358471797876863,0.0145451955167659
20,2573482.61699986,4605678.9519999,3442765.56309806,20,regular,38,by_practice,2,7,-5.31998624132559,0.344388933613505,0.00939440320158496
20,2573482.61699986,4605678.9519999,3442765.56309806,20,regular,38,by_practice,2,6,-5.76340213776039,0.315051259282605,0.00388456407328568
20,2573482.61699986,4605678.9519999,3442765.56309806,20,regular,38,by_practice,2,14,-5.48418747209221,0.334319331834095,0.00682037164370262
20,2573482.61699986,4605678.9519999,3442765.56309806,20,regular,38,by_practice,2,9,-5.29881193115694,0.346437256576564,0.0101109898842867
20,2573482.61699986,4605678.9519999,3442765.56309806,20,regular,38,by_practice,2,10,-4.91391093043945,0.372133381446468,0.0216450640685556
20,2573482.61699986,4605678.9519999,3442765.56309806,20,regular,38,by_practice,2,21+,-4.27919671546509,0.410288067776916,0.0709118790341151
20,2573482.61699986,4605678.9519999,3442765.56309806,20,regular,38,by_practice,2,11,-5.02603340582934,0.364918693015671,0.0174083661784015
20,2573482.61699986,4605678.9519999,3442765.56309806,20,regular,38,by_practice,2,17,-4.35915555340501,0.409533877673446,0.0668207227462826
1,38.3629999160767,4605678.9519999,13292.3911035242,1,regular,1,by_practice,3,4,-4.75301576193859,0.368610705795913,0.0571584101722881
1,38.3629999160767,4605678.9519999,13292.3911035242,1,regular,1,by_practice,3,5,-4.98984595071309,0.337174934494583,0.0180617566335642
1,38.3629999160767,4605678.9519999,13292.3911035242,1,regular,1,by_practice,3,6,-4.75302165030523,0.357549930666316,0.0336196703029912
1,38.3629999160767,4605678.9519999,13292.3911035242,1,regular,1,by_practice,3,7,-4.41356989828634,0.384263127977601,0.0663059988794985
1,38.3629999160767,4605678.9519999,13292.3911035242,1,regular,1,by_practice,3,12,-3.65588630045872,0.452798762189911,0.349113716618228
1,38.3629999160767,4605678.9519999,13292.3911035242,1,regular,1,by_practice,3,10,-3.92932420812029,0.422977502802365,0.171976571190543
1,38.3629999160767,4605678.9519999,13292.3911035242,1,regular,1,by_practice,3,9,-4.08133083630113,0.410668728379411,0.127349699700069
1,38.3629999160767,4605678.9519999,13292.3911035242,1,regular,1,by_practice,3,8,-4.1542558175689,0.403187711573708,0.107126129564537
1,38.3629999160767,4605678.9519999,13292.3911035242,1,regular,1,by_practice,3,21+,-2.94640958884563,0.533841389435091,1
1,38.3629999160767,4605678.9519999,13292.3911035242,1,regular,1,by_practice,3,17,-3.11516596756772,0.494348551562509,0.881131219787082
1,38.3629999160767,4605678.9519999,13292.3911035242,1,regular,1,by_practice,3,13,-3.57193988343915,0.454016260666499,0.355837511334756
1,38.3629999160767,4605678.9519999,13292.3911035242,1,regular,1,by_practice,3,14,-3.73672326755509,0.448947360025103,0.309031444776156
1,38.3629999160767,4605678.9519999,13292.3911035242,1,regular,1,by_practice,3,18,-3.53294775827825,0.473233411493251,0.551766319714205
1,38.3629999160767,4605678.9519999,13292.3911035242,1,regular,1,by_practice,3,15,-3.45667998014663,0.465397874175075,0.44965780250304
1,38.3629999160767,4605678.9519999,13292.3911035242,1,regular,1,by_practice,3,19,-3.087262410668,0.509073988753917,1
1,38.3629999160767,4605678.9519999,13292.3911035242,1,regular,1,by_practice,3,11,-3.85070478904462,0.43186075134579,0.210154957300096
1,38.3629999160767,4605678.9519999,13292.3911035242,1,regular,1,by_practice,3,16,-3.31439292198316,0.476700878857709,0.579420295325421
1,38.3629999160767,4605678.9519999,13292.3911035242,1,regular,1,by_practice,3,20,-3.74807063567934,0.464397987458798,0.445775195035366
1,38.3629999160767,13238.1209998131,712.638782838012,2,regular,2,by_practice,3,4,-3.47074111691978,0.480227696634685,0.609981094998675
1,38.3629999160767,13238.1209998131,712.638782838012,2,regular,2,by_practice,3,5,-3.57521399413209,0.447184265169635,0.157431835569062
1,38.3629999160767,13238.1209998131,712.638782838012,2,regular,2,by_practice,3,6,-3.51078425389835,0.462980216521598,0.273535308324787
1,38.3629999160767,13238.1209998131,712.638782838012,2,regular,2,by_practice,3,7,-3.06634300667084,0.520923921628098,1
1,38.3629999160767,13238.1209998131,712.638782838012,2,regular,2,by_practice,3,12,-2.43859881828517,0.596265701308998,1
1,38.3629999160767,13238.1209998131,712.638782838012,2,regular,2,by_practice,3,10,-2.78614846429661,0.556099635221607,1
1,38.3629999160767,13238.1209998131,712.638782838012,2,regular,2,by_practice,3,9,-2.76002895242204,0.561230753492165,1
1,38.3629999160767,13238.1209998131,712.638782838012,2,regular,2,by_practice,3,8,-2.77075236047521,0.55848586941944,1
1,38.3629999160767,13238.1209998131,712.638782838012,2,regular,2,by_practice,3,21+,-2.1780107051078,0.658413707255523,1
1,38.3629999160767,13238.1209998131,712.638782838012,2,regular,2,by_practice,3,17,-2.27047888646323,0.622857470579501,1
1,38.3629999160767,13238.1209998131,712.638782838012,2,regular,2,by_practice,3,13,-2.38254821043764,0.617557688435101,1
1,38.3629999160767,13238.1209998131,712.638782838012,2,regular,2,by_practice,3,14,-2.19342215373536,0.645967893879716,1
1,38.3629999160767,13238.1209998131,712.638782838012,2,regular,2,by_practice,3,18,-2.32860374121346,0.648392559614149,1
1,38.3629999160767,13238.1209998131,712.638782838012,2,regular,2,by_practice,3,15,-3.28479762936101,0.488472688732874,0.807022090211215
1,38.3629999160767,13238.1209998131,712.638782838012,2,regular,2,by_practice,3,19,-1.69051237798206,0.724227218159524,1
1,38.3629999160767,13238.1209998131,712.638782838012,2,regular,2,by_practice,3,11,-2.95948928139975,0.550878188458363,1
1,38.3629999160767,13238.1209998131,712.638782838012,2,regular,2,by_practice,3,16,-2.21417837900861,0.629421996235887,1
2,13371.3069999218,4605678.9519999,248161.131546157,2,regular,3,by_practice,3,4,-5.06846484004255,0.337512405202232,0.019742002847568
2,13371.3069999218,4605678.9519999,248161.131546157,2,regular,3,by_practice,3,5,-5.11973094271156,0.332841785005026,0.0142541051781556
2,13371.3069999218,4605678.9519999,248161.131546157,2,regular,3,by_practice,3,6,-4.85304102709787,0.351916643791983,0.0253423386769058
2,13371.3069999218,4605678.9519999,248161.131546157,2,regular,3,by_practice,3,7,-4.5548889765498,0.375280047996069,0.0471951974667888
2,13371.3069999218,4605678.9519999,248161.131546157,2,regular,3,by_practice,3,12,-3.8548691855534,0.428946237673968,0.17444316014591
2,13371.3069999218,4605678.9519999,248161.131546157,2,regular,3,by_practice,3,10,-4.05461602362835,0.415126692319716,0.127894377796297
2,13371.3069999218,4605678.9519999,248161.131546157,2,regular,3,by_practice,3,9,-4.2346932772878,0.409655201477224,0.114098140912789
2,13371.3069999218,4605678.9519999,248161.131546157,2,regular,3,by_practice,3,8,-4.33152214692634,0.393326966426607,0.0744089979378972
2,13371.3069999218,4605678.9519999,248161.131546157,2,regular,3,by_practice,3,21+,-3.01840030703892,0.501134308758705,1
2,13371.3069999218,4605678.9519999,248161.131546157,2,regular,3,by_practice,3,17,-3.19863098085594,0.492535563145289,0.835075760067444
2,13371.3069999218,4605678.9519999,248161.131546157,2,regular,3,by_practice,3,13,-3.75629263187525,0.445618848025185,0.268886595247038
2,13371.3069999218,4605678.9519999,248161.131546157,2,regular,3,by_practice,3,14,-3.88088439061857,0.4322231884879,0.190427644544435
2,13371.3069999218,4605678.9519999,248161.131546157,2,regular,3,by_practice,3,18,-3.69870597845553,0.453793655145791,0.324077267322444
2,13371.3069999218,4605678.9519999,248161.131546157,2,regular,3,by_practice,3,15,-3.46463458929832,0.461083044725436,0.384499815125914
2,13371.3069999218,4605678.9519999,248161.131546157,2,regular,3,by_practice,3,19,-3.37452575374641,0.48157652779696,0.652324052464583
2,13371.3069999218,4605678.9519999,248161.131546157,2,regular,3,by_practice,3,11,-3.92449765689399,0.427504903815435,0.173218950899517
2,13371.3069999218,4605678.9519999,248161.131546157,2,regular,3,by_practice,3,16,-3.44892329603428,0.46248591962385,0.398664034181558
2,13371.3069999218,4605678.9519999,248161.131546157,2,regular,3,by_practice,3,20,-3.74113125612993,0.465131548305894,0.438327658410442
1,38.3629999160767,395.178999900818,123.126974867534,5,regular,4,by_practice,3,4,-3.0102950010354,0.499040714890639,0.960436448495335
1,38.3629999160767,395.178999900818,123.126974867534,5,regular,4,by_practice,3,5,-2.92292108821819,0.525484776055376,1
1,38.3629999160767,395.178999900818,123.126974867534,5,regular,4,by_practice,3,6,-2.94348985226606,0.52107378415337,1
1,38.3629999160767,395.178999900818,123.126974867534,5,regular,4,by_practice,3,7,-2.63830546719514,0.566126847624901,1
1,38.3629999160767,395.178999900818,123.126974867534,5,regular,4,by_practice,3,12,-1.86329523373268,0.680060025904587,1
1,38.3629999160767,395.178999900818,123.126974867534,5,regular,4,by_practice,3,10,-2.30376633392373,0.61684045826991,1
1,38.3629999160767,395.178999900818,123.126974867534,5,regular,4,by_practice,3,9,-2.34305804920846,0.609790914646289,1
1,38.3629999160767,395.178999900818,123.126974867534,5,regular,4,by_practice,3,8,-2.18874512663826,0.634709580278329,1
1,38.3629999160767,395.178999900818,123.126974867534,5,regular,4,by_practice,3,21+,-1.43762084611664,0.737741122061255,1
1,38.3629999160767,395.178999900818,123.126974867534,5,regular,4,by_practice,3,17,-1.4081090049761,0.735648774459532,1
1,38.3629999160767,395.178999900818,123.126974867534,5,regular,4,by_practice,3,13,-2.27678220019964,0.625525329802548,1
1,38.3629999160767,395.178999900818,123.126974867534,5,regular,4,by_practice,3,14,-1.55099728228632,0.710848466944275,1
1,38.3629999160767,395.178999900818,123.126974867534,5,regular,4,by_practice,3,15,-1.9800692473725,0.67222847917245,1
1,38.3629999160767,395.178999900818,123.126974867534,5,regular,4,by_practice,3,19,-0.852858308604717,0.822030251651075,1
1,38.3629999160767,395.178999900818,123.126974867534,5,regular,4,by_practice,3,16,-1.58908942128793,0.749191287483125,1
2,398.260999917984,4117.75299978256,1280.60158796898,5,regular,5,by_practice,3,4,-3.44633280272158,0.449087865871656,0.324280236371402
2,398.260999917984,4117.75299978256,1280.60158796898,5,regular,5,by_practice,3,5,-3.58819284072478,0.426032379859992,0.0871805293267421
2,398.260999917984,4117.75299978256,1280.60158796898,5,regular,5,by_practice,3,6,-3.49368602262451,0.442148584868149,0.162442385006778
2,398.260999917984,4117.75299978256,1280.60158796898,5,regular,5,by_practice,3,7,-2.93180082639436,0.513255296768696,1
2,398.260999917984,4117.75299978256,1280.60158796898,5,regular,5,by_practice,3,12,-2.44181215472212,0.569685694875251,1
2,398.260999917984,4117.75299978256,1280.60158796898,5,regular,5,by_practice,3,10,-2.70894444286815,0.540980954719283,1
2,398.260999917984,4117.75299978256,1280.60158796898,5,regular,5,by_practice,3,9,-2.83965852552822,0.525782749020154,1
2,398.260999917984,4117.75299978256,1280.60158796898,5,regular,5,by_practice,3,8,-2.80598895582217,0.530863404176595,1
2,398.260999917984,4117.75299978256,1280.60158796898,5,regular,5,by_practice,3,21+,-1.86464273900278,0.652591261300773,1
2,398.260999917984,4117.75299978256,1280.60158796898,5,regular,5,by_practice,3,17,-2.33556605598138,0.59614687611405,1
2,398.260999917984,4117.75299978256,1280.60158796898,5,regular,5,by_practice,3,13,-2.23667681298357,0.599516780879374,1
2,398.260999917984,4117.75299978256,1280.60158796898,5,regular,5,by_practice,3,14,-2.20754333832896,0.614883811827492,1
2,398.260999917984,4117.75299978256,1280.60158796898,5,regular,5,by_practice,3,18,-1.73143467098362,0.675996122724252,1
2,398.260999917984,4117.75299978256,1280.60158796898,5,regular,5,by_practice,3,11,-2.65130175229653,0.553499512810853,1
2,398.260999917984,4117.75299978256,1280.60158796898,5,regular,5,by_practice,3,16,-2.17115793772967,0.62125571406694,1
3,4159.79800009727,42791.6510000229,13341.8373641248,5,regular,6,by_practice,3,4,-4.157275728232,0.381157368681732,0.0834484052175085
3,4159.79800009727,42791.6510000229,13341.8373641248,5,regular,6,by_practice,3,5,-4.21128368215493,0.378922156890226,0.0573590932753177
3,4159.79800009727,42791.6510000229,13341.8373641248,5,regular,6,by_practice,3,6,-4.00492910931147,0.40179540355913,0.1106745422136
3,4159.79800009727,42791.6510000229,13341.8373641248,5,regular,6,by_practice,3,7,-3.70676406399684,0.430291658609805,0.223004276304874
3,4159.79800009727,42791.6510000229,13341.8373641248,5,regular,6,by_practice,3,12,-3.01657074910939,0.495915916835603,0.919305947505124
3,4159.79800009727,42791.6510000229,13341.8373641248,5,regular,6,by_practice,3,10,-3.43999714516333,0.468380831396225,0.505161298755179
3,4159.79800009727,42791.6510000229,13341.8373641248,5,regular,6,by_practice,3,9,-3.30350115183447,0.470999251255876,0.562900463796151
3,4159.79800009727,42791.6510000229,13341.8373641248,5,regular,6,by_practice,3,8,-3.47037372785201,0.456355033571615,0.390669164320685
3,4159.79800009727,42791.6510000229,13341.8373641248,5,regular,6,by_practice,3,21+,-2.55426871451038,0.553136630892003,1
3,4159.79800009727,42791.6510000229,13341.8373641248,5,regular,6,by_practice,3,17,-2.51439126032212,0.548324951860325,1
3,4159.79800009727,42791.6510000229,13341.8373641248,5,regular,6,by_practice,3,13,-2.86404768397799,0.522041706658687,1
3,4159.79800009727,42791.6510000229,13341.8373641248,5,regular,6,by_practice,3,14,-3.4815787954536,0.451886101397743,0.338578864986483
3,4159.79800009727,42791.6510000229,13341.8373641248,5,regular,6,by_practice,3,18,-2.57681038169266,0.560197709335942,1
3,4159.79800009727,42791.6510000229,13341.8373641248,5,regular,6,by_practice,3,15,-3.33388263627217,0.486401596899844,0.771952719707164
3,4159.79800009727,42791.6510000229,13341.8373641248,5,regular,6,by_practice,3,19,-3.27744176225871,0.475120351930532,0.601700182214717
3,4159.79800009727,42791.6510000229,13341.8373641248,5,regular,6,by_practice,3,11,-3.25810503286357,0.483064965848117,0.697184310556715
3,4159.79800009727,42791.6510000229,13341.8373641248,5,regular,6,by_practice,3,16,-2.77175608348077,0.526666067424244,1
4,42824.5380001068,441248.032000065,137463.60650681,5,regular,7,by_practice,3,4,-5.00931998923833,0.336049582702886,0.0195518862571728
4,42824.5380001068,441248.032000065,137463.60650681,5,regular,7,by_practice,3,5,-5.05792151422778,0.333343211554284,0.0130265740081283
4,42824.5380001068,441248.032000065,137463.60650681,5,regular,7,by_practice,3,6,-4.81657610145461,0.348786149396996,0.0237984873015607
4,42824.5380001068,441248.032000065,137463.60650681,5,regular,7,by_practice,3,7,-4.54681345861361,0.374276245876959,0.0451282234143066
4,42824.5380001068,441248.032000065,137463.60650681,5,regular,7,by_practice,3,12,-3.81913685361246,0.428281541238779,0.174234457083575
4,42824.5380001068,441248.032000065,137463.60650681,5,regular,7,by_practice,3,10,-4.04156006146276,0.41173305488084,0.120562311990613
4,42824.5380001068,441248.032000065,137463.60650681,5,regular,7,by_practice,3,9,-4.19610309427859,0.408845780318615,0.115604790179947
4,42824.5380001068,441248.032000065,137463.60650681,5,regular,7,by_practice,3,8,-4.3377985037649,0.393188654077532,0.0723846993762112
4,42824.5380001068,441248.032000065,137463.60650681,5,regular,7,by_practice,3,21+,-2.95331092764656,0.506328111561794,1
4,42824.5380001068,441248.032000065,137463.60650681,5,regular,7,by_practice,3,17,-3.38314707230121,0.467571727291824,0.465098322509707
4,42824.5380001068,441248.032000065,137463.60650681,5,regular,7,by_practice,3,13,-3.75150625236044,0.441788845993051,0.249862534417118
4,42824.5380001068,441248.032000065,137463.60650681,5,regular,7,by_practice,3,14,-3.61192378988678,0.446962775042211,0.280718776962803
4,42824.5380001068,441248.032000065,137463.60650681,5,regular,7,by_practice,3,18,-3.6098452579537,0.445583388247803,0.266071720631629
4,42824.5380001068,441248.032000065,137463.60650681,5,regular,7,by_practice,3,15,-3.50348810313276,0.455837711127377,0.343461643634992
4,42824.5380001068,441248.032000065,137463.60650681,5,regular,7,by_practice,3,19,-3.34296060425353,0.480870597641381,0.642107625428388
4,42824.5380001068,441248.032000065,137463.60650681,5,regular,7,by_practice,3,11,-3.84448864993386,0.428232372425313,0.17991728507818
4,42824.5380001068,441248.032000065,137463.60650681,5,regular,7,by_practice,3,16,-3.37400304181959,0.463776908698841,0.413475891694749
4,42824.5380001068,441248.032000065,137463.60650681,5,regular,7,by_practice,3,20,-3.41154220645961,0.474726963336421,0.562931804697863
5,444687.072000027,4605678.9519999,1431113.51322562,5,regular,8,by_practice,3,4,-5.76587428617643,0.304676257727466,0.00453983531071709
5,444687.072000027,4605678.9519999,1431113.51322562,5,regular,8,by_practice,3,5,-5.54023678342758,0.31927314734584,0.00675755235870404
5,444687.072000027,4605678.9519999,1431113.51322562,5,regular,8,by_practice,3,6,-5.19930873616138,0.342407076358461,0.0133106072201143
5,444687.072000027,4605678.9519999,1431113.51322562,5,regular,8,by_practice,3,7,-4.82492036055268,0.371698668468998,0.0309469669062989
5,444687.072000027,4605678.9519999,1431113.51322562,5,regular,8,by_practice,3,12,-4.33589824272722,0.401004767783546,0.0663619220890431
5,444687.072000027,4605678.9519999,1431113.51322562,5,regular,8,by_practice,3,10,-4.18221449718803,0.41814146633434,0.111323809522011
5,444687.072000027,4605678.9519999,1431113.51322562,5,regular,8,by_practice,3,9,-4.61590773107071,0.38647285074692,0.0470503882346487
5,444687.072000027,4605678.9519999,1431113.51322562,5,regular,8,by_practice,3,8,-4.61849654461312,0.386419938039597,0.0461919432399338
5,444687.072000027,4605678.9519999,1431113.51322562,5,regular,8,by_practice,3,21+,-3.50784739977159,0.46411918087841,0.380931318095517
5,444687.072000027,4605678.9519999,1431113.51322562,5,regular,8,by_practice,3,17,-2.8759268461856,0.508130016547161,1
5,444687.072000027,4605678.9519999,1431113.51322562,5,regular,8,by_practice,3,13,-4.08491554732222,0.422459056073678,0.123111559115836
5,444687.072000027,4605678.9519999,1431113.51322562,5,regular,8,by_practice,3,14,-4.62056156165399,0.389395158111639,0.0512779787931526
5,444687.072000027,4605678.9519999,1431113.51322562,5,regular,8,by_practice,3,18,-4.16791670203998,0.419205308657426,0.109590760810496
5,444687.072000027,4605678.9519999,1431113.51322562,5,regular,8,by_practice,3,15,-3.4197963623979,0.476842956266222,0.540013173300682
5,444687.072000027,4605678.9519999,1431113.51322562,5,regular,8,by_practice,3,19,-3.12081100964955,0.501878214444771,1
5,444687.072000027,4605678.9519999,1431113.51322562,5,regular,8,by_practice,3,11,-4.37679250119197,0.404639583987943,0.0757482525940552
5,444687.072000027,4605678.9519999,1431113.51322562,5,regular,8,by_practice,3,16,-4.07010347353903,0.432895205427734,0.158725398681651
5,444687.072000027,4605678.9519999,1431113.51322562,5,regular,8,by_practice,3,20,-4.17693419848866,0.41996170065832,0.110801917556891
1,38.3629999160767,121.253999948502,68.2031318184755,10,regular,9,by_practice,3,4,-2.86772204856591,0.519001781824968,1
1,38.3629999160767,121.253999948502,68.2031318184755,10,regular,9,by_practice,3,5,-2.91454617355887,0.537472896983215,1
1,38.3629999160767,121.253999948502,68.2031318184755,10,regular,9,by_practice,3,6,-2.62787849030082,0.578432529788064,1
1,38.3629999160767,121.253999948502,68.2031318184755,10,regular,9,by_practice,3,7,-2.39016505576707,0.62255096198783,1
1,38.3629999160767,121.253999948502,68.2031318184755,10,regular,9,by_practice,3,12,-1.73686214582122,0.728223996556268,1
1,38.3629999160767,121.253999948502,68.2031318184755,10,regular,9,by_practice,3,10,-2.4039288569906,0.610936039705542,1
1,38.3629999160767,121.253999948502,68.2031318184755,10,regular,9,by_practice,3,9,-1.95213651039245,0.671957257636914,1
1,38.3629999160767,121.253999948502,68.2031318184755,10,regular,9,by_practice,3,8,-1.82739368419053,0.699553559236386,1
1,38.3629999160767,121.253999948502,68.2031318184755,10,regular,9,by_practice,3,17,-1.03442692302336,0.810397860400733,1
1,38.3629999160767,121.253999948502,68.2031318184755,10,regular,9,by_practice,3,13,-2.00213986643372,0.697538516586388,1
1,38.3629999160767,121.253999948502,68.2031318184755,10,regular,9,by_practice,3,14,-1.45673822564374,0.722333250689442,1
1,38.3629999160767,121.253999948502,68.2031318184755,10,regular,9,by_practice,3,15,-1.6480224261167,0.732421771737734,1
1,38.3629999160767,121.253999948502,68.2031318184755,10,regular,9,by_practice,3,19,-0.863731090435287,0.824517830309931,1
1,38.3629999160767,121.253999948502,68.2031318184755,10,regular,9,by_practice,3,16,-1.17759679071772,0.746875498848378,1
2,123.598999977112,395.178999900818,221.00617457369,10,regular,10,by_practice,3,4,-3.12232654647909,0.481149655023782,0.520983826106052
2,123.598999977112,395.178999900818,221.00617457369,10,regular,10,by_practice,3,5,-2.92826816844287,0.522129062010173,1
2,123.598999977112,395.178999900818,221.00617457369,10,regular,10,by_practice,3,6,-3.21967896923346,0.471891480725503,0.160985469425442
2,123.598999977112,395.178999900818,221.00617457369,10,regular,10,by_practice,3,7,-2.84294941672844,0.523622585141465,1
2,123.598999977112,395.178999900818,221.00617457369,10,regular,10,by_practice,3,12,-1.91480526207168,0.665807827543004,1
2,123.598999977112,395.178999900818,221.00617457369,10,regular,10,by_practice,3,10,-2.25705019038062,0.615558626333149,1
2,123.598999977112,395.178999900818,221.00617457369,10,regular,10,by_practice,3,9,-2.64420396708806,0.567132323323,1
2,123.598999977112,395.178999900818,221.00617457369,10,regular,10,by_practice,3,8,-2.50681653169289,0.587130815498285,1
2,123.598999977112,395.178999900818,221.00617457369,10,regular,10,by_practice,3,21+,-1.34282515508035,0.747095136268103,1
2,123.598999977112,395.178999900818,221.00617457369,10,regular,10,by_practice,3,13,-2.45167216251326,0.589253759824404,1
2,123.598999977112,395.178999900818,221.00617457369,10,regular,10,by_practice,3,14,-1.59170652425165,0.711585246188772,1
2,123.598999977112,395.178999900818,221.00617457369,10,regular,10,by_practice,3,19,-0.847264231997956,0.819077282548417,1
3,398.260999917984,1281.28500008583,714.342946569851,10,regular,11,by_practice,3,4,-3.2729393045612,0.462955310855178,0.429227626579887
3,398.260999917984,1281.28500008583,714.342946569851,10,regular,11,by_practice,3,5,-3.33098934755312,0.459336140329394,0.298936439591896
3,398.260999917984,1281.28500008583,714.342946569851,10,regular,11,by_practice,3,6,-3.42583596199169,0.441987872137978,0.128410666639225
3,398.260999917984,1281.28500008583,714.342946569851,10,regular,11,by_practice,3,7,-2.73827739245272,0.537551201689646,1
3,398.260999917984,1281.28500008583,714.342946569851,10,regular,11,by_practice,3,12,-2.52035704153452,0.564652781775609,1
3,398.260999917984,1281.28500008583,714.342946569851,10,regular,11,by_practice,3,10,-2.53856237461838,0.562390067101464,1
3,398.260999917984,1281.28500008583,714.342946569851,10,regular,11,by_practice,3,9,-2.41890443144419,0.578577971283998,1
3,398.260999917984,1281.28500008583,714.342946569851,10,regular,11,by_practice,3,8,-2.58092796771406,0.554391361342535,1
3,398.260999917984,1281.28500008583,714.342946569851,10,regular,11,by_practice,3,21+,-1.73722974746663,0.670338038867861,1
3,398.260999917984,1281.28500008583,714.342946569851,10,regular,11,by_practice,3,17,-1.76002650268452,0.680366240143156,1
3,398.260999917984,1281.28500008583,714.342946569851,10,regular,11,by_practice,3,13,-2.06764401649809,0.631692770465986,1
3,398.260999917984,1281.28500008583,714.342946569851,10,regular,11,by_practice,3,14,-2.09220114514186,0.633424532823593,1
3,398.260999917984,1281.28500008583,714.342946569851,10,regular,11,by_practice,3,18,-1.56961333970367,0.70171680930803,1
3,398.260999917984,1281.28500008583,714.342946569851,10,regular,11,by_practice,3,11,-2.56134579916223,0.566281932647983,1
3,398.260999917984,1281.28500008583,714.342946569851,10,regular,11,by_practice,3,16,-1.98006502545642,0.637312961191849,1
4,1285.92199993134,4117.75299978256,2301.11042166682,10,regular,12,by_practice,3,4,-3.62882999678152,0.420083116893005,0.201303989419385
4,1285.92199993134,4117.75299978256,2301.11042166682,10,regular,12,by_practice,3,5,-3.75611094551719,0.407597120042373,0.0246124491770619
4,1285.92199993134,4117.75299978256,2301.11042166682,10,regular,12,by_practice,3,6,-3.52945241403912,0.436910114482578,0.179771467789083
4,1285.92199993134,4117.75299978256,2301.11042166682,10,regular,12,by_practice,3,7,-3.0381793261832,0.49732157602454,0.94055985145972
4,1285.92199993134,4117.75299978256,2301.11042166682,10,regular,12,by_practice,3,12,-2.40974437932177,0.57172125483345,1
4,1285.92199993134,4117.75299978256,2301.11042166682,10,regular,12,by_practice,3,10,-2.80289477793958,0.524385113773143,1
4,1285.92199993134,4117.75299978256,2301.11042166682,10,regular,12,by_practice,3,9,-3.08195510633709,0.489162994026894,0.808924305000851
4,1285.92199993134,4117.75299978256,2301.11042166682,10,regular,12,by_practice,3,8,-2.91597376601025,0.513865754043352,1
4,1285.92199993134,4117.75299978256,2301.11042166682,10,regular,12,by_practice,3,21+,-1.9221820279152,0.638242057427916,1
4,1285.92199993134,4117.75299978256,2301.11042166682,10,regular,12,by_practice,3,13,-2.33539153731494,0.585192471305369,1
4,1285.92199993134,4117.75299978256,2301.11042166682,10,regular,12,by_practice,3,14,-2.39251847992579,0.583923529063851,1
4,1285.92199993134,4117.75299978256,2301.11042166682,10,regular,12,by_practice,3,18,-1.87119740676291,0.639597675732925,1
4,1285.92199993134,4117.75299978256,2301.11042166682,10,regular,12,by_practice,3,11,-2.69465485451849,0.535662011579828,1
4,1285.92199993134,4117.75299978256,2301.11042166682,10,regular,12,by_practice,3,16,-2.32060011365037,0.585332713897762,1
5,4159.79800009727,13238.1209998131,7420.77551608107,10,regular,13,by_practice,3,4,-3.9137965130077,0.396805712431608,0.123159341572659
5,4159.79800009727,13238.1209998131,7420.77551608107,10,regular,13,by_practice,3,5,-3.9162497318511,0.397835781402032,0.097830723372933
5,4159.79800009727,13238.1209998131,7420.77551608107,10,regular,13,by_practice,3,6,-3.74109196823926,0.417855845302359,0.166294816363968
5,4159.79800009727,13238.1209998131,7420.77551608107,10,regular,13,by_practice,3,7,-3.41796671362049,0.450853643725808,0.374631478367416
5,4159.79800009727,13238.1209998131,7420.77551608107,10,regular,13,by_practice,3,12,-2.88636076154314,0.522304701750176,1
5,4159.79800009727,13238.1209998131,7420.77551608107,10,regular,13,by_practice,3,10,-3.09805928267855,0.485164523025132,0.751973498945144
5,4159.79800009727,13238.1209998131,7420.77551608107,10,regular,13,by_practice,3,9,-2.89718547304425,0.509596270812837,1
5,4159.79800009727,13238.1209998131,7420.77551608107,10,regular,13,by_practice,3,8,-3.22968307907342,0.474005741639593,0.588608950819273
5,4159.79800009727,13238.1209998131,7420.77551608107,10,regular,13,by_practice,3,17,-2.59098398057374,0.550547067335853,1
5,4159.79800009727,13238.1209998131,7420.77551608107,10,regular,13,by_practice,3,13,-2.56308916194831,0.54964845307939,1
5,4159.79800009727,13238.1209998131,7420.77551608107,10,regular,13,by_practice,3,14,-2.91222193546676,0.512690793460672,1
5,4159.79800009727,13238.1209998131,7420.77551608107,10,regular,13,by_practice,3,18,-2.69677378016107,0.530624598456827,1
5,4159.79800009727,13238.1209998131,7420.77551608107,10,regular,13,by_practice,3,19,-2.19067321932198,0.596283668411889,1
5,4159.79800009727,13238.1209998131,7420.77551608107,10,regular,13,by_practice,3,11,-3.11260112980598,0.485794216703518,0.765664220152047
5,4159.79800009727,13238.1209998131,7420.77551608107,10,regular,13,by_practice,3,16,-2.60861055082622,0.545177913717641,1
6,13371.3069999218,42791.6510000229,23920.2906034776,10,regular,14,by_practice,3,4,-4.33004819622513,0.372634611029602,0.0631349341050428
6,13371.3069999218,42791.6510000229,23920.2906034776,10,regular,14,by_practice,3,5,-4.36951104808302,0.368470713210055,0.0390310394329765
6,13371.3069999218,42791.6510000229,23920.2906034776,10,regular,14,by_practice,3,6,-4.15696835815983,0.389033099638816,0.077591739509747
6,13371.3069999218,42791.6510000229,23920.2906034776,10,regular,14,by_practice,3,7,-3.87468262016213,0.416665823095811,0.161257091361215
6,13371.3069999218,42791.6510000229,23920.2906034776,10,regular,14,by_practice,3,12,-3.07856654841334,0.496845521286425,0.935278224576161
6,13371.3069999218,42791.6510000229,23920.2906034776,10,regular,14,by_practice,3,10,-3.80529015540025,0.424345468964436,0.199767423996648
6,13371.3069999218,42791.6510000229,23920.2906034776,10,regular,14,by_practice,3,9,-3.59603515456208,0.447562894440169,0.329982994580578
6,13371.3069999218,42791.6510000229,23920.2906034776,10,regular,14,by_practice,3,8,-3.58405864485897,0.446831016679611,0.322348632742759
6,13371.3069999218,42791.6510000229,23920.2906034776,10,regular,14,by_practice,3,21+,-2.34977422400195,0.566311606420161,1
6,13371.3069999218,42791.6510000229,23920.2906034776,10,regular,14,by_practice,3,17,-2.49149911260021,0.559058941744186,1
6,13371.3069999218,42791.6510000229,23920.2906034776,10,regular,14,by_practice,3,13,-3.14136931874624,0.490577379900075,0.826709704294793
6,13371.3069999218,42791.6510000229,23920.2906034776,10,regular,14,by_practice,3,14,-3.76105964289797,0.430313629273291,0.20321292151161
6,13371.3069999218,42791.6510000229,23920.2906034776,10,regular,14,by_practice,3,15,-3.10512508287298,0.485442991979751,0.736472047402307
6,13371.3069999218,42791.6510000229,23920.2906034776,10,regular,14,by_practice,3,11,-3.371262977643,0.467538680711687,0.50701423817228
6,13371.3069999218,42791.6510000229,23920.2906034776,10,regular,14,by_practice,3,16,-2.91099872800493,0.508689242387709,1
7,42824.5380001068,137553.312999964,76750.6161513218,10,regular,15,by_practice,3,4,-4.93031680482175,0.328025052008885,0.0170958914369533
7,42824.5380001068,137553.312999964,76750.6161513218,10,regular,15,by_practice,3,5,-4.92474887064148,0.32923883624453,0.0143047287469286
7,42824.5380001068,137553.312999964,76750.6161513218,10,regular,15,by_practice,3,6,-4.67527267800927,0.350242427486605,0.0275776588378854
7,42824.5380001068,137553.312999964,76750.6161513218,10,regular,15,by_practice,3,7,-4.42005180888008,0.373370789807439,0.0505608085056423
7,42824.5380001068,137553.312999964,76750.6161513218,10,regular,15,by_practice,3,12,-3.90082434236621,0.418541508882846,0.151954642477544
7,42824.5380001068,137553.312999964,76750.6161513218,10,regular,15,by_practice,3,10,-3.96500531927467,0.412804072956056,0.1345870776294
7,42824.5380001068,137553.312999964,76750.6161513218,10,regular,15,by_practice,3,9,-4.11244873741784,0.400027666195789,0.0982970990198863
7,42824.5380001068,137553.312999964,76750.6161513218,10,regular,15,by_practice,3,8,-4.21982398856711,0.39081570793303,0.0790838638582711
7,42824.5380001068,137553.312999964,76750.6161513218,10,regular,15,by_practice,3,21+,-2.88259124150444,0.504786372643004,1
7,42824.5380001068,137553.312999964,76750.6161513218,10,regular,15,by_practice,3,17,-3.19597692706872,0.483953085519989,0.697358030306894
7,42824.5380001068,137553.312999964,76750.6161513218,10,regular,15,by_practice,3,13,-3.78535550505346,0.429254105202476,0.195350590799329
7,42824.5380001068,137553.312999964,76750.6161513218,10,regular,15,by_practice,3,14,-3.61411124766808,0.443271791331621,0.269634671571326
7,42824.5380001068,137553.312999964,76750.6161513218,10,regular,15,by_practice,3,18,-3.75675329862618,0.431278092019608,0.205704173812799
7,42824.5380001068,137553.312999964,76750.6161513218,10,regular,15,by_practice,3,15,-3.38873655965791,0.463555035195971,0.431877383198897
7,42824.5380001068,137553.312999964,76750.6161513218,10,regular,15,by_practice,3,19,-3.51464405160943,0.452138157724245,0.328069348959249
7,42824.5380001068,137553.312999964,76750.6161513218,10,regular,15,by_practice,3,11,-3.79518152963864,0.427174133991624,0.185171274245485
7,42824.5380001068,137553.312999964,76750.6161513218,10,regular,15,by_practice,3,16,-3.31774265332833,0.470739718242359,0.513265124536555
7,42824.5380001068,137553.312999964,76750.6161513218,10,regular,15,by_practice,3,20,-3.17955619951812,0.483454821189627,0.68743134398862
8,138609.907999992,441248.032000065,247308.206739499,10,regular,16,by_practice,3,4,-5.1082649247232,0.33041538842077,0.0140182986615159
8,138609.907999992,441248.032000065,247308.206739499,10,regular,16,by_practice,3,5,-5.16630658461876,0.327046656643014,0.010723603688763
8,138609.907999992,441248.032000065,247308.206739499,10,regular,16,by_practice,3,6,-4.91243884235577,0.345659706098658,0.0194483157595376
8,138609.907999992,441248.032000065,247308.206739499,10,regular,16,by_practice,3,7,-4.63948190258736,0.367475809030264,0.0344450728476887
8,138609.907999992,441248.032000065,247308.206739499,10,regular,16,by_practice,3,12,-3.77266275671502,0.437633182381487,0.210241867368636
8,138609.907999992,441248.032000065,247308.206739499,10,regular,16,by_practice,3,10,-4.09556681306509,0.410565324870963,0.106857047616921
8,138609.907999992,441248.032000065,247308.206739499,10,regular,16,by_practice,3,9,-4.27543091169213,0.396065657143362,0.073014900570442
8,138609.907999992,441248.032000065,247308.206739499,10,regular,16,by_practice,3,8,-4.43270507145877,0.38437416809511,0.0549384716303405
8,138609.907999992,441248.032000065,247308.206739499,10,regular,16,by_practice,3,21+,-2.9976394216636,0.497499034171425,0.941497832055223
8,138609.907999992,441248.032000065,247308.206739499,10,regular,16,by_practice,3,17,-3.54389101736379,0.461093195650412,0.385762321910618
8,138609.907999992,441248.032000065,247308.206739499,10,regular,16,by_practice,3,13,-3.72351006819779,0.44481444429615,0.258860569239285
8,138609.907999992,441248.032000065,247308.206739499,10,regular,16,by_practice,3,14,-3.61036983436532,0.449242747194625,0.281787562275589
8,138609.907999992,441248.032000065,247308.206739499,10,regular,16,by_practice,3,18,-3.54200478431698,0.461475855415642,0.390885366517375
8,138609.907999992,441248.032000065,247308.206739499,10,regular,16,by_practice,3,15,-3.56713475035616,0.452485000010028,0.302767654338258
8,138609.907999992,441248.032000065,247308.206739499,10,regular,16,by_practice,3,19,-3.01602218597889,0.497409940715274,0.937074984706972
8,138609.907999992,441248.032000065,247308.206739499,10,regular,16,by_practice,3,11,-3.88330372467055,0.426912667043341,0.160298407730251
8,138609.907999992,441248.032000065,247308.206739499,10,regular,16,by_practice,3,16,-3.41266985022297,0.464869269495578,0.410400930367802
8,138609.907999992,441248.032000065,247308.206739499,10,regular,16,by_practice,3,20,-3.94953130407345,0.426648185233396,0.16052774472438
9,444687.072000027,1410000.22900009,791838.91881709,10,regular,17,by_practice,3,4,-5.61641048169155,0.30794443727814,0.00534684838309932
9,444687.072000027,1410000.22900009,791838.91881709,10,regular,17,by_practice,3,5,-5.45165798914822,0.320240990127316,0.00704754025648055
9,444687.072000027,1410000.22900009,791838.91881709,10,regular,17,by_practice,3,6,-5.16474092581362,0.340865970302987,0.01337377808777
9,444687.072000027,1410000.22900009,791838.91881709,10,regular,17,by_practice,3,7,-4.78214437934853,0.369705214886286,0.0296940679696182
9,444687.072000027,1410000.22900009,791838.91881709,10,regular,17,by_practice,3,12,-4.39125473806948,0.395786569755714,0.0586053373072556
9,444687.072000027,1410000.22900009,791838.91881709,10,regular,17,by_practice,3,10,-4.0602153625437,0.42308802937619,0.128600093827361
9,444687.072000027,1410000.22900009,791838.91881709,10,regular,17,by_practice,3,9,-4.62786978289118,0.38219768787258,0.0422690404119331
9,444687.072000027,1410000.22900009,791838.91881709,10,regular,17,by_practice,3,8,-4.60077617527061,0.382867900545721,0.0433648690097805
9,444687.072000027,1410000.22900009,791838.91881709,10,regular,17,by_practice,3,21+,-3.40932901943204,0.466634030285824,0.411934242500649
9,444687.072000027,1410000.22900009,791838.91881709,10,regular,17,by_practice,3,17,-2.93755073579644,0.504785400189158,1
9,444687.072000027,1410000.22900009,791838.91881709,10,regular,17,by_practice,3,13,-4.09836918054658,0.419493421903951,0.11362680275752
9,444687.072000027,1410000.22900009,791838.91881709,10,regular,17,by_practice,3,14,-4.46661713435441,0.393501385488042,0.0573736659883659
9,444687.072000027,1410000.22900009,791838.91881709,10,regular,17,by_practice,3,18,-3.78604132327771,0.438623142944895,0.186712492231362
9,444687.072000027,1410000.22900009,791838.91881709,10,regular,17,by_practice,3,15,-3.4929665437915,0.463321816966175,0.378259943150035
9,444687.072000027,1410000.22900009,791838.91881709,10,regular,17,by_practice,3,19,-3.15843475533024,0.491043400587125,0.790021509816797
9,444687.072000027,1410000.22900009,791838.91881709,10,regular,17,by_practice,3,11,-4.27446323429724,0.406189562718478,0.0803990308530908
9,444687.072000027,1410000.22900009,791838.91881709,10,regular,17,by_practice,3,16,-4.04853345761259,0.419610130587594,0.11180936014755
9,444687.072000027,1410000.22900009,791838.91881709,10,regular,17,by_practice,3,20,-4.38993831682473,0.397740251682484,0.0615191618348564
10,1458368.50699997,4605678.9519999,2591674.58160728,10,regular,18,by_practice,3,4,-6.14667019868609,0.284516939937798,0.00153483444059225
10,1458368.50699997,4605678.9519999,2591674.58160728,10,regular,18,by_practice,3,5,-5.88702243934363,0.302150048864963,0.00260382641535635
10,1458368.50699997,4605678.9519999,2591674.58160728,10,regular,18,by_practice,3,6,-5.42928905075644,0.333610912128589,0.00686991499214838
10,1458368.50699997,4605678.9519999,2591674.58160728,10,regular,18,by_practice,3,7,-5.0810697203029,0.354693386086479,0.0130541814029701
10,1458368.50699997,4605678.9519999,2591674.58160728,10,regular,18,by_practice,3,10,-4.84271687898106,0.371212041733722,0.0221029749924746
10,1458368.50699997,4605678.9519999,2591674.58160728,10,regular,18,by_practice,3,9,-4.46765278449277,0.392316132417497,0.04062510100211
10,1458368.50699997,4605678.9519999,2591674.58160728,10,regular,18,by_practice,3,8,-4.71719936935818,0.382829785091481,0.0326231072115137
10,1458368.50699997,4605678.9519999,2591674.58160728,10,regular,18,by_practice,3,21+,-4.02216408515784,0.434505298716401,0.14852848041793
10,1458368.50699997,4605678.9519999,2591674.58160728,10,regular,18,by_practice,3,14,-5.44815237350007,0.334635056982404,0.00682555923748503
10,1458368.50699997,4605678.9519999,2591674.58160728,10,regular,18,by_practice,3,11,-4.84303728628321,0.371283536963312,0.0213595946762172
10,1458368.50699997,4605678.9519999,2591674.58160728,10,regular,18,by_practice,3,16,-4.1146682846803,0.419766398375629,0.0912530010980334
1,38.3629999160767,68.6730000972748,51.3274029828949,20,regular,19,by_practice,3,4,-3.13337956129611,0.474826188013827,3.94430452610506e-31
1,38.3629999160767,68.6730000972748,51.3274029828949,20,regular,19,by_practice,3,5,-3.23049656319343,0.488998116088163,0.007852075940358
1,38.3629999160767,68.6730000972748,51.3274029828949,20,regular,19,by_practice,3,6,-2.42416049664273,0.633181885621448,1
1,38.3629999160767,68.6730000972748,51.3274029828949,20,regular,19,by_practice,3,7,-2.11887449136769,0.660502156134407,1
1,38.3629999160767,68.6730000972748,51.3274029828949,20,regular,19,by_practice,3,8,-2.55440459809924,0.586453398218998,1
2,68.949000120163,121.253999948502,91.4349061191595,20,regular,20,by_practice,3,4,-2.83195392554193,0.524869143151431,1
2,68.949000120163,121.253999948502,91.4349061191595,20,regular,20,by_practice,3,5,-2.85296791557344,0.546680844154208,1
2,68.949000120163,121.253999948502,91.4349061191595,20,regular,20,by_practice,3,6,-2.68879370378612,0.56135691497308,1
2,68.949000120163,121.253999948502,91.4349061191595,20,regular,20,by_practice,3,7,-2.48748177341589,0.607260789358672,1
2,68.949000120163,121.253999948502,91.4349061191595,20,regular,20,by_practice,3,12,-1.37581448654464,0.77712582660048,1
2,68.949000120163,121.253999948502,91.4349061191595,20,regular,20,by_practice,3,10,-2.28410126537481,0.634534927119408,1
2,68.949000120163,121.253999948502,91.4349061191595,20,regular,20,by_practice,3,9,-1.78436046995665,0.701786144322577,1
2,68.949000120163,121.253999948502,91.4349061191595,20,regular,20,by_practice,3,8,-1.67105192222864,0.715756090185899,1
2,68.949000120163,121.253999948502,91.4349061191595,20,regular,20,by_practice,3,17,-1.03442692302336,0.810397860400733,1
2,68.949000120163,121.253999948502,91.4349061191595,20,regular,20,by_practice,3,13,-1.79877843945334,0.706591921217147,1
2,68.949000120163,121.253999948502,91.4349061191595,20,regular,20,by_practice,3,19,-0.863731090435287,0.824517830309931,1
2,68.949000120163,121.253999948502,91.4349061191595,20,regular,20,by_practice,3,16,-1.17759679071772,0.746875498848378,1
3,123.598999977112,220.978999853134,165.265796212615,20,regular,21,by_practice,3,4,-3.08132203287412,0.48726248098257,0.583782025677589
3,123.598999977112,220.978999853134,165.265796212615,20,regular,21,by_practice,3,5,-2.9700126403363,0.525137691464737,1
3,123.598999977112,220.978999853134,165.265796212615,20,regular,21,by_practice,3,6,-2.95368187056028,0.51692307118637,1
3,123.598999977112,220.978999853134,165.265796212615,20,regular,21,by_practice,3,7,-3.0263329052149,0.518269223904623,1
3,123.598999977112,220.978999853134,165.265796212615,20,regular,21,by_practice,3,12,-1.64935762661998,0.722130914574799,1
3,123.598999977112,220.978999853134,165.265796212615,20,regular,21,by_practice,3,10,-2.0259308279627,0.663926240639484,1
3,123.598999977112,220.978999853134,165.265796212615,20,regular,21,by_practice,3,9,-2.37392870145239,0.617075312324769,1
3,123.598999977112,220.978999853134,165.265796212615,20,regular,21,by_practice,3,8,-2.8019997587264,0.541888007768991,1
3,123.598999977112,220.978999853134,165.265796212615,20,regular,21,by_practice,3,21+,-1.13622043636534,0.773241599247218,1
3,123.598999977112,220.978999853134,165.265796212615,20,regular,21,by_practice,3,19,-0.894000787547616,0.816124313445759,1
4,224.68799996376,395.178999900818,297.979830047931,20,regular,22,by_practice,3,4,-3.15720255425777,0.475690015150055,0.493898061770845
4,224.68799996376,395.178999900818,297.979830047931,20,regular,22,by_practice,3,5,-2.90048186154176,0.52710688066562,1
4,224.68799996376,395.178999900818,297.979830047931,20,regular,22,by_practice,3,6,-3.52394125787518,0.430035447897847,3.94430452610506e-31
4,224.68799996376,395.178999900818,297.979830047931,20,regular,22,by_practice,3,7,-2.74566404537579,0.537913504181263,1
4,224.68799996376,395.178999900818,297.979830047931,20,regular,22,by_practice,3,12,-2.08891015492205,0.641536732543863,1
4,224.68799996376,395.178999900818,297.979830047931,20,regular,22,by_practice,3,10,-2.37143825142419,0.603469543121224,1
4,224.68799996376,395.178999900818,297.979830047931,20,regular,22,by_practice,3,9,-2.81983537285534,0.541904357100233,1
4,224.68799996376,395.178999900818,297.979830047931,20,regular,22,by_practice,3,8,-2.34848893997258,0.601781387310778,1
4,224.68799996376,395.178999900818,297.979830047931,20,regular,22,by_practice,3,21+,-1.60677539915627,0.707865316492376,1
4,224.68799996376,395.178999900818,297.979830047931,20,regular,22,by_practice,3,13,-2.0850724004762,0.642344092807975,1
4,224.68799996376,395.178999900818,297.979830047931,20,regular,22,by_practice,3,14,-1.491908236411,0.728380637474117,1
4,224.68799996376,395.178999900818,297.979830047931,20,regular,22,by_practice,3,19,-0.800430932022621,0.822030251651075,1
5,398.260999917984,713.151999950409,532.935857860737,20,regular,23,by_practice,3,4,-3.42000268196945,0.438609686398245,0.107490951255789
5,398.260999917984,713.151999950409,532.935857860737,20,regular,23,by_practice,3,5,-3.17032609125971,0.484881982287344,0.699895850434737
5,398.260999917984,713.151999950409,532.935857860737,20,regular,23,by_practice,3,6,-3.44338126210715,0.441636656564708,3.94430452610506e-31
5,398.260999917984,713.151999950409,532.935857860737,20,regular,23,by_practice,3,7,-2.55794102907072,0.570536870339971,1
5,398.260999917984,713.151999950409,532.935857860737,20,regular,23,by_practice,3,10,-2.43750320348453,0.585219171215844,1
5,398.260999917984,713.151999950409,532.935857860737,20,regular,23,by_practice,3,9,-2.03010764343927,0.639277044953561,1
5,398.260999917984,713.151999950409,532.935857860737,20,regular,23,by_practice,3,8,-2.08054310188558,0.643088802684986,1
5,398.260999917984,713.151999950409,532.935857860737,20,regular,23,by_practice,3,21+,-1.49344494943076,0.710166658625435,1
5,398.260999917984,713.151999950409,532.935857860737,20,regular,23,by_practice,3,13,-1.99941890062061,0.651368948039376,1
5,398.260999917984,713.151999950409,532.935857860737,20,regular,23,by_practice,3,11,-2.68786118147278,0.54603863578981,1
6,719.106000185013,1281.28500008583,959.885269971769,20,regular,24,by_practice,3,4,-3.18629886127962,0.473218337879011,0.595372238904349
6,719.106000185013,1281.28500008583,959.885269971769,20,regular,24,by_practice,3,5,-3.45624311264963,0.442595581974629,0.152310600381417
6,719.106000185013,1281.28500008583,959.885269971769,20,regular,24,by_practice,3,6,-3.4153677105468,0.44350148384956,0.184843979709505
6,719.106000185013,1281.28500008583,959.885269971769,20,regular,24,by_practice,3,7,-2.8602822903988,0.519050140019607,1
6,719.106000185013,1281.28500008583,959.885269971769,20,regular,24,by_practice,3,12,-2.32524834821501,0.59246952248137,1
6,719.106000185013,1281.28500008583,959.885269971769,20,regular,24,by_practice,3,10,-2.5692670437903,0.561079806355729,1
6,719.106000185013,1281.28500008583,959.885269971769,20,regular,24,by_practice,3,9,-2.86249484545214,0.519871802424571,1
6,719.106000185013,1281.28500008583,959.885269971769,20,regular,24,by_practice,3,8,-3.00584407992856,0.498878850764244,0.979525572435092
6,719.106000185013,1281.28500008583,959.885269971769,20,regular,24,by_practice,3,13,-2.13104685109119,0.628840474889127,1
6,719.106000185013,1281.28500008583,959.885269971769,20,regular,24,by_practice,3,14,-1.4759043743797,0.720181268965822,1
6,719.106000185013,1281.28500008583,959.885269971769,20,regular,24,by_practice,3,11,-2.3863631653171,0.582155700650573,1
7,1285.92199993134,2299.80999994278,1719.70237965426,20,regular,25,by_practice,3,4,-3.42265714028894,0.446032791963221,0.341210188050113
7,1285.92199993134,2299.80999994278,1719.70237965426,20,regular,25,by_practice,3,5,-3.51207572137301,0.435276821963731,0.135206636288636
7,1285.92199993134,2299.80999994278,1719.70237965426,20,regular,25,by_practice,3,6,-3.4479529117363,0.44227223361145,0.223731309843617
7,1285.92199993134,2299.80999994278,1719.70237965426,20,regular,25,by_practice,3,7,-2.83447611166025,0.521290916537522,1
7,1285.92199993134,2299.80999994278,1719.70237965426,20,regular,25,by_practice,3,12,-2.27054948585598,0.590501731316237,1
7,1285.92199993134,2299.80999994278,1719.70237965426,20,regular,25,by_practice,3,10,-2.60640867334317,0.55311613308572,1
7,1285.92199993134,2299.80999994278,1719.70237965426,20,regular,25,by_practice,3,9,-2.86481806810985,0.517454528749325,1
7,1285.92199993134,2299.80999994278,1719.70237965426,20,regular,25,by_practice,3,8,-2.75337413027996,0.534559305591284,1
7,1285.92199993134,2299.80999994278,1719.70237965426,20,regular,25,by_practice,3,16,-1.48128545659148,0.702682945133129,1
8,2304.1139998436,4117.75299978256,3080.22277355015,20,regular,26,by_practice,3,4,-3.7858568212402,0.405039077048285,0.139401296301326
8,2304.1139998436,4117.75299978256,3080.22277355015,20,regular,26,by_practice,3,5,-4.00431608977591,0.37793561371479,3.94430452610506e-31
8,2304.1139998436,4117.75299978256,3080.22277355015,20,regular,26,by_practice,3,6,-3.61727787490904,0.424148090520807,0.143952489125874
8,2304.1139998436,4117.75299978256,3080.22277355015,20,regular,26,by_practice,3,7,-3.22956117890444,0.472482561166335,0.559359824587576
8,2304.1139998436,4117.75299978256,3080.22277355015,20,regular,26,by_practice,3,12,-2.52463796396007,0.556459689487928,1
8,2304.1139998436,4117.75299978256,3080.22277355015,20,regular,26,by_practice,3,10,-3.06302365861976,0.491370069619337,0.842474676303804
8,2304.1139998436,4117.75299978256,3080.22277355015,20,regular,26,by_practice,3,9,-3.28217136742573,0.466347247371732,0.513529255799658
8,2304.1139998436,4117.75299978256,3080.22277355015,20,regular,26,by_practice,3,8,-3.03228327323886,0.494145969473542,0.888461658122741
8,2304.1139998436,4117.75299978256,3080.22277355015,20,regular,26,by_practice,3,21+,-1.84688146209587,0.63655504379095,1
8,2304.1139998436,4117.75299978256,3080.22277355015,20,regular,26,by_practice,3,13,-2.03152250611708,0.615833878133347,1
8,2304.1139998436,4117.75299978256,3080.22277355015,20,regular,26,by_practice,3,14,-1.9120222706431,0.633363051881939,1
8,2304.1139998436,4117.75299978256,3080.22277355015,20,regular,26,by_practice,3,18,-1.61258717180892,0.666362937589948,1
8,2304.1139998436,4117.75299978256,3080.22277355015,20,regular,26,by_practice,3,11,-2.46276009862838,0.566491695420012,1
9,4159.79800009727,7391.78800010681,5545.11901946093,20,regular,27,by_practice,3,4,-3.95854254822428,0.389969396636249,0.101553850495933
9,4159.79800009727,7391.78800010681,5545.11901946093,20,regular,27,by_practice,3,5,-3.90437024849594,0.396136976361516,0.0905091820439443
9,4159.79800009727,7391.78800010681,5545.11901946093,20,regular,27,by_practice,3,6,-3.6525395172708,0.426358870133779,0.190824651285328
9,4159.79800009727,7391.78800010681,5545.11901946093,20,regular,27,by_practice,3,7,-3.43978402459758,0.449541504617909,0.363600762318307
9,4159.79800009727,7391.78800010681,5545.11901946093,20,regular,27,by_practice,3,12,-2.64667388078846,0.538531543153403,1
9,4159.79800009727,7391.78800010681,5545.11901946093,20,regular,27,by_practice,3,10,-3.43263566980181,0.449303857345906,0.356861063075414
9,4159.79800009727,7391.78800010681,5545.11901946093,20,regular,27,by_practice,3,9,-2.81714760980683,0.522156680663954,1
9,4159.79800009727,7391.78800010681,5545.11901946093,20,regular,27,by_practice,3,8,-3.3079771714598,0.465294369184456,0.509128790927655
9,4159.79800009727,7391.78800010681,5545.11901946093,20,regular,27,by_practice,3,17,-2.28645993258664,0.581319440686244,1
9,4159.79800009727,7391.78800010681,5545.11901946093,20,regular,27,by_practice,3,13,-2.37059062683982,0.577726365028056,1
9,4159.79800009727,7391.78800010681,5545.11901946093,20,regular,27,by_practice,3,11,-2.78578729336394,0.52891563322354,1
10,7453.84100008011,13238.1209998131,9933.52148396672,20,regular,28,by_practice,3,4,-3.88311302331556,0.404994668168227,0.148797589678902
10,7453.84100008011,13238.1209998131,9933.52148396672,20,regular,28,by_practice,3,5,-3.92430582986213,0.400623167714413,0.114400726401305
10,7453.84100008011,13238.1209998131,9933.52148396672,20,regular,28,by_practice,3,6,-3.8070295374104,0.412744538824905,0.145218750398658
10,7453.84100008011,13238.1209998131,9933.52148396672,20,regular,28,by_practice,3,7,-3.40615101296816,0.456673180969415,0.409061727906284
10,7453.84100008011,13238.1209998131,9933.52148396672,20,regular,28,by_practice,3,12,-3.29651229325355,0.467333865879982,0.532676929057521
10,7453.84100008011,13238.1209998131,9933.52148396672,20,regular,28,by_practice,3,10,-3.02818235748327,0.497165271988903,0.945034177263603
10,7453.84100008011,13238.1209998131,9933.52148396672,20,regular,28,by_practice,3,9,-2.96036631315111,0.506969950602236,1
10,7453.84100008011,13238.1209998131,9933.52148396672,20,regular,28,by_practice,3,8,-3.19034905407822,0.479393787805516,0.661945955733669
10,7453.84100008011,13238.1209998131,9933.52148396672,20,regular,28,by_practice,3,13,-2.78238465116578,0.527573631740224,1
10,7453.84100008011,13238.1209998131,9933.52148396672,20,regular,28,by_practice,3,14,-2.613338790585,0.542560499019352,1
10,7453.84100008011,13238.1209998131,9933.52148396672,20,regular,28,by_practice,3,11,-3.4018652063928,0.45653137698574,0.385288342375088
10,7453.84100008011,13238.1209998131,9933.52148396672,20,regular,28,by_practice,3,16,-2.27826009736484,0.575682549214447,1
11,13371.3069999218,23490.6749999523,17722.8955608205,20,regular,29,by_practice,3,4,-4.14792621980495,0.381915476151536,0.0842146357688747
11,13371.3069999218,23490.6749999523,17722.8955608205,20,regular,29,by_practice,3,5,-4.15772613034616,0.381446765266377,0.0685308929551163
11,13371.3069999218,23490.6749999523,17722.8955608205,20,regular,29,by_practice,3,6,-3.90132166918654,0.408378276225272,0.138658388368335
11,13371.3069999218,23490.6749999523,17722.8955608205,20,regular,29,by_practice,3,7,-3.73578774528208,0.42576586280915,0.203764558304902
11,13371.3069999218,23490.6749999523,17722.8955608205,20,regular,29,by_practice,3,12,-3.34713234291025,0.464648314178545,0.471555012953143
11,13371.3069999218,23490.6749999523,17722.8955608205,20,regular,29,by_practice,3,10,-3.54932321210662,0.443705639817936,0.296617942928372
11,13371.3069999218,23490.6749999523,17722.8955608205,20,regular,29,by_practice,3,9,-3.3861579367182,0.461986940132308,0.44586706478403
11,13371.3069999218,23490.6749999523,17722.8955608205,20,regular,29,by_practice,3,8,-3.34706856440478,0.464637500839986,0.479962972450671
11,13371.3069999218,23490.6749999523,17722.8955608205,20,regular,29,by_practice,3,21+,-2.32981864819353,0.567142640617002,1
11,13371.3069999218,23490.6749999523,17722.8955608205,20,regular,29,by_practice,3,17,-2.68261625742073,0.530844753362323,1
11,13371.3069999218,23490.6749999523,17722.8955608205,20,regular,29,by_practice,3,13,-2.92929409491681,0.50750873230317,1
11,13371.3069999218,23490.6749999523,17722.8955608205,20,regular,29,by_practice,3,14,-3.27870466173961,0.473007884262673,0.559796850125199
11,13371.3069999218,23490.6749999523,17722.8955608205,20,regular,29,by_practice,3,11,-3.04085527073189,0.496560567251793,0.933862249203756
11,13371.3069999218,23490.6749999523,17722.8955608205,20,regular,29,by_practice,3,16,-2.91099872800493,0.508689242387709,1
12,24164.364000082,42791.6510000229,32156.38398404,20,regular,30,by_practice,3,4,-4.58119098409421,0.34842510573469,0.0330680836097338
12,24164.364000082,42791.6510000229,32156.38398404,20,regular,30,by_practice,3,5,-4.62306590070635,0.344186256551278,0.0236510709548013
12,24164.364000082,42791.6510000229,32156.38398404,20,regular,30,by_practice,3,6,-4.42415083399395,0.361619484268259,0.0423463338686725
12,24164.364000082,42791.6510000229,32156.38398404,20,regular,30,by_practice,3,7,-4.08153889325483,0.394456944017626,0.0930263063896544
12,24164.364000082,42791.6510000229,32156.38398404,20,regular,30,by_practice,3,12,-2.80724830627926,0.516264123304568,1
12,24164.364000082,42791.6510000229,32156.38398404,20,regular,30,by_practice,3,10,-4.05669604688668,0.398634360642979,0.105864623788387
12,24164.364000082,42791.6510000229,32156.38398404,20,regular,30,by_practice,3,9,-3.83062496255149,0.419178430546189,0.168893623851841
12,24164.364000082,42791.6510000229,32156.38398404,20,regular,30,by_practice,3,8,-3.8385126012997,0.419583647376717,0.17404291535904
12,24164.364000082,42791.6510000229,32156.38398404,20,regular,30,by_practice,3,21+,-2.37896496252276,0.553591722164676,1
12,24164.364000082,42791.6510000229,32156.38398404,20,regular,30,by_practice,3,17,-2.23839421000856,0.572204827597794,1
12,24164.364000082,42791.6510000229,32156.38398404,20,regular,30,by_practice,3,13,-3.53588764102475,0.448007976471703,0.325292181006616
12,24164.364000082,42791.6510000229,32156.38398404,20,regular,30,by_practice,3,15,-2.78810744154819,0.520837533369185,1
12,24164.364000082,42791.6510000229,32156.38398404,20,regular,30,by_practice,3,11,-4.03114669240698,0.398567889999406,0.102238428559217
13,42824.5380001068,76709.8499999046,57315.4768479109,20,regular,31,by_practice,3,4,-4.90167544346465,0.32723767733973,0.0170871417357596
13,42824.5380001068,76709.8499999046,57315.4768479109,20,regular,31,by_practice,3,5,-4.83381658204125,0.333560535217289,0.0172365685803361
13,42824.5380001068,76709.8499999046,57315.4768479109,20,regular,31,by_practice,3,6,-4.68113962888317,0.346892809684015,0.0256094473696397
13,42824.5380001068,76709.8499999046,57315.4768479109,20,regular,31,by_practice,3,7,-4.33270836259074,0.378620199854637,0.0589709226018272
13,42824.5380001068,76709.8499999046,57315.4768479109,20,regular,31,by_practice,3,12,-3.58764544105385,0.444898259646749,0.287676551992142
13,42824.5380001068,76709.8499999046,57315.4768479109,20,regular,31,by_practice,3,10,-4.11756416912045,0.397151522136856,0.092801763341499
13,42824.5380001068,76709.8499999046,57315.4768479109,20,regular,31,by_practice,3,9,-4.21327119439878,0.389895544812443,0.0799411712363572
13,42824.5380001068,76709.8499999046,57315.4768479109,20,regular,31,by_practice,3,8,-4.12995502844445,0.396759890154825,0.0927291970932361
13,42824.5380001068,76709.8499999046,57315.4768479109,20,regular,31,by_practice,3,21+,-2.8760531973564,0.514896812662436,1
13,42824.5380001068,76709.8499999046,57315.4768479109,20,regular,31,by_practice,3,17,-2.91743523731206,0.506218478792771,1
13,42824.5380001068,76709.8499999046,57315.4768479109,20,regular,31,by_practice,3,13,-3.92316135835052,0.414559537653645,0.143910461990386
13,42824.5380001068,76709.8499999046,57315.4768479109,20,regular,31,by_practice,3,14,-4.34825214321335,0.378077587657645,0.0572546201397624
13,42824.5380001068,76709.8499999046,57315.4768479109,20,regular,31,by_practice,3,18,-3.57767013684232,0.445319738044281,0.293097707768304
13,42824.5380001068,76709.8499999046,57315.4768479109,20,regular,31,by_practice,3,15,-3.40726923703153,0.463541600902471,0.441606756288382
13,42824.5380001068,76709.8499999046,57315.4768479109,20,regular,31,by_practice,3,19,-3.31607836134348,0.473315404764136,0.549724517337389
13,42824.5380001068,76709.8499999046,57315.4768479109,20,regular,31,by_practice,3,11,-3.68257291493931,0.437854698906778,0.24551122953856
13,42824.5380001068,76709.8499999046,57315.4768479109,20,regular,31,by_practice,3,16,-3.13879393278736,0.486980599836303,0.746366691681299
13,42824.5380001068,76709.8499999046,57315.4768479109,20,regular,31,by_practice,3,20,-3.12942606577147,0.488549917241337,0.773165369801025
14,76959.0260000229,137553.312999964,102888.138245152,20,regular,32,by_practice,3,4,-4.94502010312127,0.331316823598189,0.0179880850551944
14,76959.0260000229,137553.312999964,102888.138245152,20,regular,32,by_practice,3,5,-4.96761391633541,0.328971504408506,0.0135555531547016
14,76959.0260000229,137553.312999964,102888.138245152,20,regular,32,by_practice,3,6,-4.6727803006958,0.354791250348765,0.0296800786878796
14,76959.0260000229,137553.312999964,102888.138245152,20,regular,32,by_practice,3,7,-4.46250672633853,0.372883247387008,0.0480620457998128
14,76959.0260000229,137553.312999964,102888.138245152,20,regular,32,by_practice,3,12,-4.19759191213789,0.396115246281813,0.0843084869640972
14,76959.0260000229,137553.312999964,102888.138245152,20,regular,32,by_practice,3,10,-3.88309156810981,0.423491598751841,0.167470396358801
14,76959.0260000229,137553.312999964,102888.138245152,20,regular,32,by_practice,3,9,-4.05767604782212,0.408831236223792,0.117415602037504
14,76959.0260000229,137553.312999964,102888.138245152,20,regular,32,by_practice,3,8,-4.27253890177479,0.390080681443256,0.0744908768420635
14,76959.0260000229,137553.312999964,102888.138245152,20,regular,32,by_practice,3,21+,-2.88562275164874,0.50361641910676,1
14,76959.0260000229,137553.312999964,102888.138245152,20,regular,32,by_practice,3,17,-3.94875567910962,0.418889995469638,0.146714497530009
14,76959.0260000229,137553.312999964,102888.138245152,20,regular,32,by_practice,3,13,-3.72989539010678,0.438078190987936,0.231588224484979
14,76959.0260000229,137553.312999964,102888.138245152,20,regular,32,by_practice,3,14,-3.35576554354439,0.468920470105675,0.483717081146461
14,76959.0260000229,137553.312999964,102888.138245152,20,regular,32,by_practice,3,18,-3.89555447751862,0.421907593380041,0.161311848492389
14,76959.0260000229,137553.312999964,102888.138245152,20,regular,32,by_practice,3,15,-3.38149497531553,0.468627350190522,0.485024261516741
14,76959.0260000229,137553.312999964,102888.138245152,20,regular,32,by_practice,3,19,-3.59605631229205,0.448614932696306,0.303129298151853
14,76959.0260000229,137553.312999964,102888.138245152,20,regular,32,by_practice,3,11,-3.87028458254305,0.425063036928293,0.17499681156526
14,76959.0260000229,137553.312999964,102888.138245152,20,regular,32,by_practice,3,16,-3.43357677715411,0.461463192905675,0.409799997154617
14,76959.0260000229,137553.312999964,102888.138245152,20,regular,32,by_practice,3,20,-3.22994480318077,0.480741527101349,0.643357324830549
15,138609.907999992,247039.671000004,185046.334926307,20,regular,33,by_practice,3,4,-5.03955550600964,0.332078121188057,0.0155248164502174
15,138609.907999992,247039.671000004,185046.334926307,20,regular,33,by_practice,3,5,-5.10904050341002,0.326070826153044,0.0112986451657628
15,138609.907999992,247039.671000004,185046.334926307,20,regular,33,by_practice,3,6,-4.8796419535086,0.345695588344099,0.0197313730530198
15,138609.907999992,247039.671000004,185046.334926307,20,regular,33,by_practice,3,7,-4.52065118063101,0.375278248894624,0.0446412674125972
15,138609.907999992,247039.671000004,185046.334926307,20,regular,33,by_practice,3,12,-3.68068533555575,0.44406683088466,0.253980669921935
15,138609.907999992,247039.671000004,185046.334926307,20,regular,33,by_practice,3,10,-4.13488743525245,0.407118765812376,0.102303711166823
15,138609.907999992,247039.671000004,185046.334926307,20,regular,33,by_practice,3,9,-4.20166737170081,0.402224880206955,0.0892985285863873
15,138609.907999992,247039.671000004,185046.334926307,20,regular,33,by_practice,3,8,-4.44029054657914,0.381981013974742,0.0548797290870071
15,138609.907999992,247039.671000004,185046.334926307,20,regular,33,by_practice,3,21+,-2.74815065693117,0.512207205998559,1
15,138609.907999992,247039.671000004,185046.334926307,20,regular,33,by_practice,3,17,-3.7142181721784,0.440461828039312,0.234241938469637
15,138609.907999992,247039.671000004,185046.334926307,20,regular,33,by_practice,3,13,-3.71104391336728,0.442297589355773,0.245683214893006
15,138609.907999992,247039.671000004,185046.334926307,20,regular,33,by_practice,3,14,-3.64005272116326,0.447695505632195,0.276868554127516
15,138609.907999992,247039.671000004,185046.334926307,20,regular,33,by_practice,3,18,-3.48804847047084,0.461877415374351,0.398313729676574
15,138609.907999992,247039.671000004,185046.334926307,20,regular,33,by_practice,3,15,-3.36161940727765,0.47078233479411,0.489690347229676
15,138609.907999992,247039.671000004,185046.334926307,20,regular,33,by_practice,3,11,-3.78060147212262,0.436873704369552,0.21449125800876
15,138609.907999992,247039.671000004,185046.334926307,20,regular,33,by_practice,3,16,-3.92419673923679,0.424231345517099,0.156152787543195
15,138609.907999992,247039.671000004,185046.334926307,20,regular,33,by_practice,3,20,-3.59631953721438,0.450750898603528,0.299025611117588
16,247494.954999924,441248.032000065,330464.312481183,20,regular,34,by_practice,3,4,-5.20459143272554,0.325299583666271,0.0112132157167056
16,247494.954999924,441248.032000065,330464.312481183,20,regular,34,by_practice,3,5,-5.231553213116,0.323991193896606,0.00901569580487063
16,247494.954999924,441248.032000065,330464.312481183,20,regular,34,by_practice,3,6,-4.94774962269191,0.346241538275095,0.0180168360801672
16,247494.954999924,441248.032000065,330464.312481183,20,regular,34,by_practice,3,7,-4.74265419258815,0.364469673793896,0.0285149751435537
16,247494.954999924,441248.032000065,330464.312481183,20,regular,34,by_practice,3,12,-3.86383677475939,0.432375524072272,0.175189502956404
16,247494.954999924,441248.032000065,330464.312481183,20,regular,34,by_practice,3,10,-4.05471713733478,0.417108559169389,0.120585292896416
16,247494.954999924,441248.032000065,330464.312481183,20,regular,34,by_practice,3,9,-4.34826884969262,0.395642883827253,0.0691375314842647
16,247494.954999924,441248.032000065,330464.312481183,20,regular,34,by_practice,3,8,-4.42401439930815,0.389849750422599,0.058954553123948
16,247494.954999924,441248.032000065,330464.312481183,20,regular,34,by_practice,3,21+,-3.13895696918584,0.484186614037445,0.667896221799153
16,247494.954999924,441248.032000065,330464.312481183,20,regular,34,by_practice,3,17,-3.33179636350459,0.476542675894817,0.553723262290609
16,247494.954999924,441248.032000065,330464.312481183,20,regular,34,by_practice,3,13,-3.75085805466165,0.440091216517827,0.216317243471005
16,247494.954999924,441248.032000065,330464.312481183,20,regular,34,by_practice,3,14,-3.58160034726,0.454892126915807,0.317598094309301
16,247494.954999924,441248.032000065,330464.312481183,20,regular,34,by_practice,3,18,-3.62022559926309,0.450231230610072,0.282830452481495
16,247494.954999924,441248.032000065,330464.312481183,20,regular,34,by_practice,3,15,-3.73298872754369,0.441876553239506,0.227069125271532
16,247494.954999924,441248.032000065,330464.312481183,20,regular,34,by_practice,3,19,-2.73222371792711,0.523682386626721,1
16,247494.954999924,441248.032000065,330464.312481183,20,regular,34,by_practice,3,11,-3.97763770883114,0.424441469185912,0.147702434933143
16,247494.954999924,441248.032000065,330464.312481183,20,regular,34,by_practice,3,16,-3.2077054354122,0.482494299730586,0.63965350071005
17,444687.072000027,792104.104000092,593496.802625765,20,regular,35,by_practice,3,4,-5.53228141158244,0.309436262815063,0.00582683859151496
17,444687.072000027,792104.104000092,593496.802625765,20,regular,35,by_practice,3,5,-5.34083775378324,0.32370892434113,0.00818596689078315
17,444687.072000027,792104.104000092,593496.802625765,20,regular,35,by_practice,3,6,-5.04925975121081,0.345443905949279,0.0151427457373912
17,444687.072000027,792104.104000092,593496.802625765,20,regular,35,by_practice,3,7,-4.7470668263377,0.368459990824484,0.0290973041969978
17,444687.072000027,792104.104000092,593496.802625765,20,regular,35,by_practice,3,12,-3.97119366191191,0.426795192906923,0.142422358851636
17,444687.072000027,792104.104000092,593496.802625765,20,regular,35,by_practice,3,10,-4.00022633063754,0.425234063551773,0.137342134937219
17,444687.072000027,792104.104000092,593496.802625765,20,regular,35,by_practice,3,9,-4.52772163568496,0.384742124925752,0.0457145031462162
17,444687.072000027,792104.104000092,593496.802625765,20,regular,35,by_practice,3,8,-4.54747254504858,0.382860753041272,0.0438084107427258
17,444687.072000027,792104.104000092,593496.802625765,20,regular,35,by_practice,3,21+,-3.40668304098256,0.46071941802961,0.354285486836732
17,444687.072000027,792104.104000092,593496.802625765,20,regular,35,by_practice,3,13,-3.66943639672143,0.448932985708313,0.256163483886893
17,444687.072000027,792104.104000092,593496.802625765,20,regular,35,by_practice,3,14,-4.3934069585162,0.395192548206036,0.0620057199771743
17,444687.072000027,792104.104000092,593496.802625765,20,regular,35,by_practice,3,18,-4.12619589286298,0.413964191636888,0.101277013300871
17,444687.072000027,792104.104000092,593496.802625765,20,regular,35,by_practice,3,15,-3.4929665437915,0.463321816966175,0.378259943150035
17,444687.072000027,792104.104000092,593496.802625765,20,regular,35,by_practice,3,19,-3.30202529761435,0.475710917925012,0.527167244956483
17,444687.072000027,792104.104000092,593496.802625765,20,regular,35,by_practice,3,11,-4.12882280045632,0.41457851656101,0.102359701298743
17,444687.072000027,792104.104000092,593496.802625765,20,regular,35,by_practice,3,16,-3.62978720195192,0.45057881178369,0.26446634821663
18,808071.109999895,1410000.22900009,1067417.65497307,20,regular,36,by_practice,3,4,-5.82421642743945,0.295449777623424,0.00326177473002704
18,808071.109999895,1410000.22900009,1067417.65497307,20,regular,36,by_practice,3,5,-5.68284630972307,0.306544798009789,0.00406793444011022
18,808071.109999895,1410000.22900009,1067417.65497307,20,regular,36,by_practice,3,6,-5.35337715929861,0.330515443093105,0.008408508339253
18,808071.109999895,1410000.22900009,1067417.65497307,20,regular,36,by_practice,3,7,-4.88213538400312,0.365956387215967,0.0238496678700137
18,808071.109999895,1410000.22900009,1067417.65497307,20,regular,36,by_practice,3,12,-4.83990544216014,0.366097439318362,0.024327877213619
18,808071.109999895,1410000.22900009,1067417.65497307,20,regular,36,by_practice,3,10,-4.30226063864511,0.404171956356817,0.0699981118487028
18,808071.109999895,1410000.22900009,1067417.65497307,20,regular,36,by_practice,3,9,-4.88818646652871,0.363719187421544,0.0224740871940359
18,808071.109999895,1410000.22900009,1067417.65497307,20,regular,36,by_practice,3,8,-4.73516695715582,0.374687016100694,0.0317236632407667
18,808071.109999895,1410000.22900009,1067417.65497307,20,regular,36,by_practice,3,21+,-3.41209994659039,0.467347572560598,0.40793616872468
18,808071.109999895,1410000.22900009,1067417.65497307,20,regular,36,by_practice,3,17,-3.73777333965849,0.447773886761807,0.239284450237244
18,808071.109999895,1410000.22900009,1067417.65497307,20,regular,36,by_practice,3,13,-4.65233281126167,0.382219634976386,0.038999112021212
18,808071.109999895,1410000.22900009,1067417.65497307,20,regular,36,by_practice,3,14,-4.66977530733055,0.381489213668778,0.0380343823611623
18,808071.109999895,1410000.22900009,1067417.65497307,20,regular,36,by_practice,3,18,-3.4967746259504,0.464105629188409,0.374055102373302
18,808071.109999895,1410000.22900009,1067417.65497307,20,regular,36,by_practice,3,11,-4.66886089004895,0.379504660810659,0.0357497656150847
18,808071.109999895,1410000.22900009,1067417.65497307,20,regular,36,by_practice,3,16,-4.46379176389548,0.392807889639794,0.0526529935073854
18,808071.109999895,1410000.22900009,1067417.65497307,20,regular,36,by_practice,3,20,-3.95336047646772,0.431715265798917,0.152249807068281
19,1458368.50699997,2566018.70299983,1934476.89694859,20,regular,37,by_practice,3,4,-6.00239767075202,0.292614545483621,0.00241038793874661
19,1458368.50699997,2566018.70299983,1934476.89694859,20,regular,37,by_practice,3,5,-5.59497644979267,0.319530409989451,0.00519040897445327
19,1458368.50699997,2566018.70299983,1934476.89694859,20,regular,37,by_practice,3,6,-4.62773151428773,0.387147208948817,0.0374437673563143
19,1458368.50699997,2566018.70299983,1934476.89694859,20,regular,37,by_practice,3,7,-4.68389763936045,0.38346028440325,0.0346121000403689
19,1458368.50699997,2566018.70299983,1934476.89694859,20,regular,37,by_practice,3,10,-4.87314695685279,0.370570217006198,0.0236036392323837
19,1458368.50699997,2566018.70299983,1934476.89694859,20,regular,37,by_practice,3,8,-4.61821396871555,0.388066377085856,0.0399618326416333
19,1458368.50699997,2566018.70299983,1934476.89694859,20,regular,37,by_practice,3,11,-4.87141906107351,0.370740493370623,0.0244878596355415
20,2573482.61699986,4605678.9519999,3442765.56309806,20,regular,38,by_practice,3,4,-6.21944675436492,0.284263597791894,0.00150282335296864
20,2573482.61699986,4605678.9519999,3442765.56309806,20,regular,38,by_practice,3,5,-6.01245429078164,0.29796403617036,0.00224092508132862
20,2573482.61699986,4605678.9519999,3442765.56309806,20,regular,38,by_practice,3,6,-5.68301029382345,0.320497978161396,0.00459507022263625
20,2573482.61699986,4605678.9519999,3442765.56309806,20,regular,38,by_practice,3,7,-5.29585478498863,0.346262468877449,0.00997671901819795
20,2573482.61699986,4605678.9519999,3442765.56309806,20,regular,38,by_practice,3,10,-4.80708436610374,0.379033043980745,0.0269584917465122
20,2573482.61699986,4605678.9519999,3442765.56309806,20,regular,38,by_practice,3,9,-5.03485620357939,0.363676055904832,0.0169577780952748
20,2573482.61699986,4605678.9519999,3442765.56309806,20,regular,38,by_practice,3,8,-4.86739539305298,0.375386539783207,0.0241251691281341
20,2573482.61699986,4605678.9519999,3442765.56309806,20,regular,38,by_practice,3,21+,-4.84365552211666,0.375888480430791,0.0250596640269498
20,2573482.61699986,4605678.9519999,3442765.56309806,20,regular,38,by_practice,3,11,-4.82897939593649,0.378502077225236,0.0262786919306811
20,2573482.61699986,4605678.9519999,3442765.56309806,20,regular,38,by_practice,3,16,-4.41470733169903,0.405668583325561,0.0595338389940698
1,38.3629999160767,4605678.9519999,13292.3911035242,1,regular,1,by_practice,4,4,-4.71536766571423,0.370631347997346,0.0613349589175453
1,38.3629999160767,4605678.9519999,13292.3911035242,1,regular,1,by_practice,4,5,-4.99297908849972,0.336877009523671,0.017675454076865
1,38.3629999160767,4605678.9519999,13292.3911035242,1,regular,1,by_practice,4,8,-4.1966911001003,0.401082760628003,0.102354310962462
1,38.3629999160767,4605678.9519999,13292.3911035242,1,regular,1,by_practice,4,6,-4.74734433822129,0.358044237004727,0.034285597611776
1,38.3629999160767,4605678.9519999,13292.3911035242,1,regular,1,by_practice,4,7,-4.39723400361267,0.385479042452199,0.0685647222921291
1,38.3629999160767,4605678.9519999,13292.3911035242,1,regular,1,by_practice,4,14,-3.83279557179632,0.445195590694339,0.275286470598713
1,38.3629999160767,4605678.9519999,13292.3911035242,1,regular,1,by_practice,4,12,-3.66244400779026,0.454369518519238,0.362414355112172
1,38.3629999160767,4605678.9519999,13292.3911035242,1,regular,1,by_practice,4,10,-3.89917418800729,0.424232599093821,0.17452407620149
1,38.3629999160767,4605678.9519999,13292.3911035242,1,regular,1,by_practice,4,9,-4.07671116152942,0.41246589160863,0.134776238599473
1,38.3629999160767,4605678.9519999,13292.3911035242,1,regular,1,by_practice,4,21+,-3.04986772276045,0.522983807005268,1
1,38.3629999160767,4605678.9519999,13292.3911035242,1,regular,1,by_practice,4,11,-3.78051384180807,0.437286891868256,0.23875867429851
1,38.3629999160767,4605678.9519999,13292.3911035242,1,regular,1,by_practice,4,17,-3.10084702621337,0.494515396694813,0.884816002803138
1,38.3629999160767,4605678.9519999,13292.3911035242,1,regular,1,by_practice,4,13,-3.57273663858822,0.453880606772008,0.355742958756604
1,38.3629999160767,4605678.9519999,13292.3911035242,1,regular,1,by_practice,4,18,-3.64657419343567,0.455588955329498,0.365225628322056
1,38.3629999160767,4605678.9519999,13292.3911035242,1,regular,1,by_practice,4,16,-3.38068996412806,0.476700878857709,0.579420295325424
1,38.3629999160767,4605678.9519999,13292.3911035242,1,regular,1,by_practice,4,15,-3.37474505657935,0.4675647843278,0.480003958738639
1,38.3629999160767,4605678.9519999,13292.3911035242,1,regular,1,by_practice,4,19,-3.06262959309253,0.505516132919981,1
1,38.3629999160767,4605678.9519999,13292.3911035242,1,regular,1,by_practice,4,20,-3.73196086043444,0.471774352501711,0.524650983066725
1,38.3629999160767,13238.1209998131,712.638782838012,2,regular,2,by_practice,4,4,-3.45179723275609,0.483377870505402,0.666459947056364
1,38.3629999160767,13238.1209998131,712.638782838012,2,regular,2,by_practice,4,5,-3.56177559042543,0.450310682786308,0.180784859732135
1,38.3629999160767,13238.1209998131,712.638782838012,2,regular,2,by_practice,4,8,-2.91059816327331,0.542410585282591,1
1,38.3629999160767,13238.1209998131,712.638782838012,2,regular,2,by_practice,4,6,-3.444878170321,0.471100645456682,0.381509930547703
1,38.3629999160767,13238.1209998131,712.638782838012,2,regular,2,by_practice,4,7,-3.14174028701822,0.514623087498029,1
1,38.3629999160767,13238.1209998131,712.638782838012,2,regular,2,by_practice,4,14,-2.31762942631513,0.616176136951576,1
1,38.3629999160767,13238.1209998131,712.638782838012,2,regular,2,by_practice,4,12,-2.46306379958237,0.595665808453345,1
1,38.3629999160767,13238.1209998131,712.638782838012,2,regular,2,by_practice,4,10,-2.86821958085686,0.54842132743561,1
1,38.3629999160767,13238.1209998131,712.638782838012,2,regular,2,by_practice,4,9,-2.71776052721856,0.568717906049596,1
1,38.3629999160767,13238.1209998131,712.638782838012,2,regular,2,by_practice,4,21+,-2.00868797139134,0.680357374106665,1
1,38.3629999160767,13238.1209998131,712.638782838012,2,regular,2,by_practice,4,11,-2.78856424587451,0.560835909636977,1
1,38.3629999160767,13238.1209998131,712.638782838012,2,regular,2,by_practice,4,17,-2.3052972419481,0.62225798682669,1
1,38.3629999160767,13238.1209998131,712.638782838012,2,regular,2,by_practice,4,13,-2.39920177362634,0.612355924268394,1
1,38.3629999160767,13238.1209998131,712.638782838012,2,regular,2,by_practice,4,18,-2.48804602507414,0.631011903972791,1
1,38.3629999160767,13238.1209998131,712.638782838012,2,regular,2,by_practice,4,16,-1.99825576135605,0.640458875287859,1
1,38.3629999160767,13238.1209998131,712.638782838012,2,regular,2,by_practice,4,15,-3.27490352494288,0.485169582457552,0.67229612178368
1,38.3629999160767,13238.1209998131,712.638782838012,2,regular,2,by_practice,4,19,-1.61986853531095,0.737389022585814,1
2,13371.3069999218,4605678.9519999,248161.131546157,2,regular,3,by_practice,4,4,-5.03677903794279,0.338731991948454,0.0207800800505434
2,13371.3069999218,4605678.9519999,248161.131546157,2,regular,3,by_practice,4,5,-5.12553874227943,0.333872279032728,0.0140532563762575
2,13371.3069999218,4605678.9519999,248161.131546157,2,regular,3,by_practice,4,8,-4.34972391509598,0.39217077345611,0.072178294925977
2,13371.3069999218,4605678.9519999,248161.131546157,2,regular,3,by_practice,4,6,-4.85978380476955,0.351648661815384,0.0251955067385673
2,13371.3069999218,4605678.9519999,248161.131546157,2,regular,3,by_practice,4,7,-4.51322268775401,0.377656087680555,0.0499967844033954
2,13371.3069999218,4605678.9519999,248161.131546157,2,regular,3,by_practice,4,14,-3.93824003928147,0.429522091741364,0.176269909789905
2,13371.3069999218,4605678.9519999,248161.131546157,2,regular,3,by_practice,4,12,-3.86352114271206,0.430652930408801,0.184828805979987
2,13371.3069999218,4605678.9519999,248161.131546157,2,regular,3,by_practice,4,10,-4.01349334877347,0.4182069819603,0.13614731030443
2,13371.3069999218,4605678.9519999,248161.131546157,2,regular,3,by_practice,4,9,-4.24438913842408,0.409299406119114,0.112893319949016
2,13371.3069999218,4605678.9519999,248161.131546157,2,regular,3,by_practice,4,21+,-3.16067660397116,0.495431027523638,0.895246323707458
2,13371.3069999218,4605678.9519999,248161.131546157,2,regular,3,by_practice,4,11,-3.88897343966911,0.430053135106239,0.18230591082811
2,13371.3069999218,4605678.9519999,248161.131546157,2,regular,3,by_practice,4,17,-3.19241769009453,0.479858724943358,0.615965090114525
2,13371.3069999218,4605678.9519999,248161.131546157,2,regular,3,by_practice,4,13,-3.75111309846695,0.446686782948503,0.285833783555508
2,13371.3069999218,4605678.9519999,248161.131546157,2,regular,3,by_practice,4,18,-3.75781748487201,0.447608283998754,0.276571853251704
2,13371.3069999218,4605678.9519999,248161.131546157,2,regular,3,by_practice,4,16,-3.60878403702959,0.454972010370613,0.3310133939343
2,13371.3069999218,4605678.9519999,248161.131546157,2,regular,3,by_practice,4,15,-3.37967178674941,0.466132536889025,0.44177770072841
2,13371.3069999218,4605678.9519999,248161.131546157,2,regular,3,by_practice,4,19,-3.31829784850824,0.490608964814893,0.804759316350643
2,13371.3069999218,4605678.9519999,248161.131546157,2,regular,3,by_practice,4,20,-3.7275199556924,0.470597252406773,0.504688056749213
1,38.3629999160767,395.178999900818,123.126974867534,5,regular,4,by_practice,4,4,-2.98912797163874,0.502063419117323,1
1,38.3629999160767,395.178999900818,123.126974867534,5,regular,4,by_practice,4,5,-2.86202225028452,0.535136061142775,1
1,38.3629999160767,395.178999900818,123.126974867534,5,regular,4,by_practice,4,8,-2.35780804621635,0.605873705601684,1
1,38.3629999160767,395.178999900818,123.126974867534,5,regular,4,by_practice,4,6,-3.03596023441609,0.508533262269956,1
1,38.3629999160767,395.178999900818,123.126974867534,5,regular,4,by_practice,4,7,-2.73025106083739,0.548749386138544,1
1,38.3629999160767,395.178999900818,123.126974867534,5,regular,4,by_practice,4,14,-1.55803742183409,0.73987746265921,1
1,38.3629999160767,395.178999900818,123.126974867534,5,regular,4,by_practice,4,12,-1.98749991418498,0.660356014002036,1
1,38.3629999160767,395.178999900818,123.126974867534,5,regular,4,by_practice,4,10,-2.34229155484619,0.607679085956792,1
1,38.3629999160767,395.178999900818,123.126974867534,5,regular,4,by_practice,4,9,-2.23188907411513,0.627287148210678,1
1,38.3629999160767,395.178999900818,123.126974867534,5,regular,4,by_practice,4,21+,-1.37989777423407,0.754960631845658,1
1,38.3629999160767,395.178999900818,123.126974867534,5,regular,4,by_practice,4,17,-1.56144563184041,0.733537778460086,1
1,38.3629999160767,395.178999900818,123.126974867534,5,regular,4,by_practice,4,13,-2.22178243656968,0.629528672762671,1
1,38.3629999160767,395.178999900818,123.126974867534,5,regular,4,by_practice,4,16,-1.35102730648774,0.780984536942729,1
1,38.3629999160767,395.178999900818,123.126974867534,5,regular,4,by_practice,4,15,-2.06331603987632,0.661061759765004,1
1,38.3629999160767,395.178999900818,123.126974867534,5,regular,4,by_practice,4,19,-0.644543316402403,0.863698831543386,1
2,398.260999917984,4117.75299978256,1280.60158796898,5,regular,5,by_practice,4,4,-3.40711825636722,0.454592954885854,0.380260303689223
2,398.260999917984,4117.75299978256,1280.60158796898,5,regular,5,by_practice,4,5,-3.54932640786442,0.43166486592723,0.11673336095392
2,398.260999917984,4117.75299978256,1280.60158796898,5,regular,5,by_practice,4,8,-2.85632505358542,0.524986939465443,1
2,398.260999917984,4117.75299978256,1280.60158796898,5,regular,5,by_practice,4,6,-3.40529194480579,0.453592063686602,0.273197261013845
2,398.260999917984,4117.75299978256,1280.60158796898,5,regular,5,by_practice,4,7,-3.02058620549293,0.50557331196306,1
2,398.260999917984,4117.75299978256,1280.60158796898,5,regular,5,by_practice,4,14,-2.78627767868902,0.527906847438918,1
2,398.260999917984,4117.75299978256,1280.60158796898,5,regular,5,by_practice,4,12,-2.35708624654836,0.588002969674281,1
2,398.260999917984,4117.75299978256,1280.60158796898,5,regular,5,by_practice,4,10,-2.85001399467021,0.522560249096762,1
2,398.260999917984,4117.75299978256,1280.60158796898,5,regular,5,by_practice,4,9,-2.84849344932099,0.527310928964375,1
2,398.260999917984,4117.75299978256,1280.60158796898,5,regular,5,by_practice,4,21+,-2.06644147796008,0.63644822643053,1
2,398.260999917984,4117.75299978256,1280.60158796898,5,regular,5,by_practice,4,11,-2.53034505775541,0.562090277440178,1
2,398.260999917984,4117.75299978256,1280.60158796898,5,regular,5,by_practice,4,17,-2.41375339102413,0.58476349302582,1
2,398.260999917984,4117.75299978256,1280.60158796898,5,regular,5,by_practice,4,13,-2.33491424466107,0.58688232434073,1
2,398.260999917984,4117.75299978256,1280.60158796898,5,regular,5,by_practice,4,18,-2.08315686841237,0.631559072321915,1
2,398.260999917984,4117.75299978256,1280.60158796898,5,regular,5,by_practice,4,16,-2.05465393474932,0.62634786502456,1
3,4159.79800009727,42791.6510000229,13341.8373641248,5,regular,6,by_practice,4,4,-4.11481731440096,0.385024004050844,0.0930599713224482
3,4159.79800009727,42791.6510000229,13341.8373641248,5,regular,6,by_practice,4,5,-4.24216031064184,0.375892704005719,0.0512882240803132
3,4159.79800009727,42791.6510000229,13341.8373641248,5,regular,6,by_practice,4,8,-3.50065436561283,0.454183706074677,0.372600272460532
3,4159.79800009727,42791.6510000229,13341.8373641248,5,regular,6,by_practice,4,6,-3.9205511956073,0.408958336088609,0.130623629249457
3,4159.79800009727,42791.6510000229,13341.8373641248,5,regular,6,by_practice,4,7,-3.71741626810044,0.429523730127068,0.219056016257323
3,4159.79800009727,42791.6510000229,13341.8373641248,5,regular,6,by_practice,4,14,-3.32939492266996,0.467855687194107,0.477071203918812
3,4159.79800009727,42791.6510000229,13341.8373641248,5,regular,6,by_practice,4,12,-3.18155648154806,0.484943843511355,0.729548979745567
3,4159.79800009727,42791.6510000229,13341.8373641248,5,regular,6,by_practice,4,10,-3.4520115609405,0.467333981647286,0.497373544810607
3,4159.79800009727,42791.6510000229,13341.8373641248,5,regular,6,by_practice,4,9,-3.2379140420151,0.478968953744203,0.656853018323907
3,4159.79800009727,42791.6510000229,13341.8373641248,5,regular,6,by_practice,4,21+,-2.53709143598221,0.558148238019215,1
3,4159.79800009727,42791.6510000229,13341.8373641248,5,regular,6,by_practice,4,11,-3.16571581148272,0.489805201588161,0.803578334202546
3,4159.79800009727,42791.6510000229,13341.8373641248,5,regular,6,by_practice,4,17,-2.53820524435466,0.545789205939048,1
3,4159.79800009727,42791.6510000229,13341.8373641248,5,regular,6,by_practice,4,13,-3.02823412043532,0.50167459888055,1
3,4159.79800009727,42791.6510000229,13341.8373641248,5,regular,6,by_practice,4,18,-2.51902347057995,0.56807764245343,1
3,4159.79800009727,42791.6510000229,13341.8373641248,5,regular,6,by_practice,4,16,-2.4117266514763,0.568307501510639,1
3,4159.79800009727,42791.6510000229,13341.8373641248,5,regular,6,by_practice,4,15,-3.09982947973283,0.493841116241563,0.881693838097053
3,4159.79800009727,42791.6510000229,13341.8373641248,5,regular,6,by_practice,4,19,-3.21933155347267,0.483405328964376,0.702612285491123
3,4159.79800009727,42791.6510000229,13341.8373641248,5,regular,6,by_practice,4,20,-2.83589552015859,0.516697328944632,0.979367405156537
4,42824.5380001068,441248.032000065,137463.60650681,5,regular,7,by_practice,4,4,-4.99310491492472,0.337057990093753,0.0198178983645131
4,42824.5380001068,441248.032000065,137463.60650681,5,regular,7,by_practice,4,5,-5.06273850022893,0.332834009632315,0.0127486491029674
4,42824.5380001068,441248.032000065,137463.60650681,5,regular,7,by_practice,4,8,-4.32150563307139,0.395427570229079,0.0784890612469767
4,42824.5380001068,441248.032000065,137463.60650681,5,regular,7,by_practice,4,6,-4.81634128337549,0.349292879503722,0.0238062134390516
4,42824.5380001068,441248.032000065,137463.60650681,5,regular,7,by_practice,4,7,-4.50284475382169,0.374568133228546,0.0481790957931866
4,42824.5380001068,441248.032000065,137463.60650681,5,regular,7,by_practice,4,14,-3.68787922485267,0.440849131252215,0.233937334496058
4,42824.5380001068,441248.032000065,137463.60650681,5,regular,7,by_practice,4,12,-3.82080705071934,0.428715904388867,0.178689875600304
4,42824.5380001068,441248.032000065,137463.60650681,5,regular,7,by_practice,4,10,-3.96241974283999,0.418616472075527,0.141755567005018
4,42824.5380001068,441248.032000065,137463.60650681,5,regular,7,by_practice,4,9,-4.19864610586111,0.408153823115892,0.114905450450428
4,42824.5380001068,441248.032000065,137463.60650681,5,regular,7,by_practice,4,21+,-3.06852247643891,0.498434096766484,0.963060534270786
4,42824.5380001068,441248.032000065,137463.60650681,5,regular,7,by_practice,4,11,-3.82680928534842,0.428630224210309,0.178611174611833
4,42824.5380001068,441248.032000065,137463.60650681,5,regular,7,by_practice,4,17,-3.39230051684605,0.462423708633612,0.404871105176297
4,42824.5380001068,441248.032000065,137463.60650681,5,regular,7,by_practice,4,13,-3.7835104430018,0.439590636384461,0.243204365786967
4,42824.5380001068,441248.032000065,137463.60650681,5,regular,7,by_practice,4,18,-3.70151665138518,0.446443940995245,0.282616137688021
4,42824.5380001068,441248.032000065,137463.60650681,5,regular,7,by_practice,4,16,-3.42196254054297,0.477767193643003,0.592585312675183
4,42824.5380001068,441248.032000065,137463.60650681,5,regular,7,by_practice,4,15,-3.39286436908004,0.465058187958792,0.430515433382096
4,42824.5380001068,441248.032000065,137463.60650681,5,regular,7,by_practice,4,19,-3.31517191844084,0.488886881077172,0.774129366390134
4,42824.5380001068,441248.032000065,137463.60650681,5,regular,7,by_practice,4,20,-3.41843886807032,0.475168478117401,0.568225658021428
5,444687.072000027,4605678.9519999,1431113.51322562,5,regular,8,by_practice,4,4,-5.73680927033042,0.306328894041469,0.00478667021947859
5,444687.072000027,4605678.9519999,1431113.51322562,5,regular,8,by_practice,4,5,-5.5652344875523,0.318990212379198,0.00648656020701448
5,444687.072000027,4605678.9519999,1431113.51322562,5,regular,8,by_practice,4,8,-4.74127841731583,0.377776949736324,0.0363581952127601
5,444687.072000027,4605678.9519999,1431113.51322562,5,regular,8,by_practice,4,6,-5.23393418124735,0.339221909829006,0.0121600530005016
5,444687.072000027,4605678.9519999,1431113.51322562,5,regular,8,by_practice,4,7,-4.81192449641325,0.372065988787623,0.0304802178468898
5,444687.072000027,4605678.9519999,1431113.51322562,5,regular,8,by_practice,4,14,-4.53522512934173,0.395619222648198,0.0605440647829417
5,444687.072000027,4605678.9519999,1431113.51322562,5,regular,8,by_practice,4,12,-4.27641048400959,0.407791244577112,0.0784605103037835
5,444687.072000027,4605678.9519999,1431113.51322562,5,regular,8,by_practice,4,10,-4.31363824342651,0.408438842843341,0.0858341006467966
5,444687.072000027,4605678.9519999,1431113.51322562,5,regular,8,by_practice,4,9,-4.69442917968935,0.382618455527271,0.0422748894346498
5,444687.072000027,4605678.9519999,1431113.51322562,5,regular,8,by_practice,4,21+,-3.59447733304584,0.454897172780865,0.300496268245483
5,444687.072000027,4605678.9519999,1431113.51322562,5,regular,8,by_practice,4,11,-4.28201976222247,0.41174116723843,0.0924463191087213
5,444687.072000027,4605678.9519999,1431113.51322562,5,regular,8,by_practice,4,17,-2.73814446977518,0.521671400941121,1
5,444687.072000027,4605678.9519999,1431113.51322562,5,regular,8,by_practice,4,13,-3.71722900952603,0.450312535740364,0.261542244722598
5,444687.072000027,4605678.9519999,1431113.51322562,5,regular,8,by_practice,4,18,-4.1128330828771,0.419205308657426,0.109590760810496
5,444687.072000027,4605678.9519999,1431113.51322562,5,regular,8,by_practice,4,16,-4.24092919231895,0.422206849637015,0.117599392532782
5,444687.072000027,4605678.9519999,1431113.51322562,5,regular,8,by_practice,4,15,-3.61098198764746,0.459131537323185,0.33659889196986
5,444687.072000027,4605678.9519999,1431113.51322562,5,regular,8,by_practice,4,19,-2.97802169610079,0.510519340231223,1
5,444687.072000027,4605678.9519999,1431113.51322562,5,regular,8,by_practice,4,20,-4.31395523364926,0.407003959124536,0.0794337514866688
1,38.3629999160767,121.253999948502,68.2031318184755,10,regular,9,by_practice,4,4,-2.81299710537032,0.528203649629627,1
1,38.3629999160767,121.253999948502,68.2031318184755,10,regular,9,by_practice,4,5,-2.90142740575109,0.537658328905162,1
1,38.3629999160767,121.253999948502,68.2031318184755,10,regular,9,by_practice,4,8,-2.08352864388121,0.649332446391551,1
1,38.3629999160767,121.253999948502,68.2031318184755,10,regular,9,by_practice,4,6,-2.72860396199942,0.563991580037863,1
1,38.3629999160767,121.253999948502,68.2031318184755,10,regular,9,by_practice,4,7,-2.55208575353187,0.599056385473951,1
1,38.3629999160767,121.253999948502,68.2031318184755,10,regular,9,by_practice,4,14,-1.75435132138713,0.710720669529567,1
1,38.3629999160767,121.253999948502,68.2031318184755,10,regular,9,by_practice,4,12,-1.93447614759643,0.701254934873441,1
1,38.3629999160767,121.253999948502,68.2031318184755,10,regular,9,by_practice,4,10,-2.41680917644756,0.611321880565677,1
1,38.3629999160767,121.253999948502,68.2031318184755,10,regular,9,by_practice,4,9,-1.97448836184576,0.662940549223462,1
1,38.3629999160767,121.253999948502,68.2031318184755,10,regular,9,by_practice,4,21+,-1.18622986938735,0.783245175308574,1
1,38.3629999160767,121.253999948502,68.2031318184755,10,regular,9,by_practice,4,17,-1.1337926853088,0.825763724960542,1
1,38.3629999160767,121.253999948502,68.2031318184755,10,regular,9,by_practice,4,13,-2.03914963095111,0.689549219397398,1
1,38.3629999160767,121.253999948502,68.2031318184755,10,regular,9,by_practice,4,16,-0.978972875432098,0.839624985142358,1
1,38.3629999160767,121.253999948502,68.2031318184755,10,regular,9,by_practice,4,19,-0.990414069228139,0.795052363625227,1
2,123.598999977112,395.178999900818,221.00617457369,10,regular,10,by_practice,4,4,-3.13532611092952,0.479093479260463,0.475670031290277
2,123.598999977112,395.178999900818,221.00617457369,10,regular,10,by_practice,4,5,-2.83948296565174,0.534789486062801,1
2,123.598999977112,395.178999900818,221.00617457369,10,regular,10,by_practice,4,8,-2.60170467815846,0.569636476859546,1
2,123.598999977112,395.178999900818,221.00617457369,10,regular,10,by_practice,4,6,-3.28359080516092,0.46803369470249,0.074396432913226
2,123.598999977112,395.178999900818,221.00617457369,10,regular,10,by_practice,4,7,-2.8623025179907,0.52387616545741,1
2,123.598999977112,395.178999900818,221.00617457369,10,regular,10,by_practice,4,14,-1.42261008193468,0.750332254771807,1
2,123.598999977112,395.178999900818,221.00617457369,10,regular,10,by_practice,4,12,-2.01225705923408,0.648057280293961,1
2,123.598999977112,395.178999900818,221.00617457369,10,regular,10,by_practice,4,10,-2.30869084001464,0.60930474723216,1
2,123.598999977112,395.178999900818,221.00617457369,10,regular,10,by_practice,4,9,-2.40214614723764,0.602083253307572,1
2,123.598999977112,395.178999900818,221.00617457369,10,regular,10,by_practice,4,21+,-1.45660532816332,0.734149585707366,1
2,123.598999977112,395.178999900818,221.00617457369,10,regular,10,by_practice,4,13,-2.35347013585484,0.604145943698436,1
2,123.598999977112,395.178999900818,221.00617457369,10,regular,10,by_practice,4,15,-1.83892947643882,0.678463821985942,1
2,123.598999977112,395.178999900818,221.00617457369,10,regular,10,by_practice,4,19,-0.338210937660661,0.932651557937195,1
3,398.260999917984,1281.28500008583,714.342946569851,10,regular,11,by_practice,4,4,-3.2279599141473,0.469785650575829,0.495959548348667
3,398.260999917984,1281.28500008583,714.342946569851,10,regular,11,by_practice,4,5,-3.26045840789141,0.46894689141513,0.442807688338096
3,398.260999917984,1281.28500008583,714.342946569851,10,regular,11,by_practice,4,8,-2.7210694387854,0.535056786436817,1
3,398.260999917984,1281.28500008583,714.342946569851,10,regular,11,by_practice,4,6,-3.24952655323583,0.465980134275018,0.356014330505353
3,398.260999917984,1281.28500008583,714.342946569851,10,regular,11,by_practice,4,7,-2.83115633552192,0.524053027518061,1
3,398.260999917984,1281.28500008583,714.342946569851,10,regular,11,by_practice,4,14,-2.3924322631114,0.586198056472989,1
3,398.260999917984,1281.28500008583,714.342946569851,10,regular,11,by_practice,4,12,-2.14796587271494,0.615455474811261,1
3,398.260999917984,1281.28500008583,714.342946569851,10,regular,11,by_practice,4,10,-2.89568047935238,0.515640300137235,1
3,398.260999917984,1281.28500008583,714.342946569851,10,regular,11,by_practice,4,9,-2.52067665287044,0.56609366929122,1
3,398.260999917984,1281.28500008583,714.342946569851,10,regular,11,by_practice,4,21+,-1.66015150022355,0.687859902294736,1
3,398.260999917984,1281.28500008583,714.342946569851,10,regular,11,by_practice,4,11,-2.24805911084547,0.612165268116742,1
3,398.260999917984,1281.28500008583,714.342946569851,10,regular,11,by_practice,4,17,-1.61279132328266,0.693862109857168,1
3,398.260999917984,1281.28500008583,714.342946569851,10,regular,11,by_practice,4,13,-1.89612618572165,0.654893584934426,1
3,398.260999917984,1281.28500008583,714.342946569851,10,regular,11,by_practice,4,18,-1.4021200292431,0.723157026823129,1
3,398.260999917984,1281.28500008583,714.342946569851,10,regular,11,by_practice,4,16,-1.93601906276613,0.645932997016759,1
4,1285.92199993134,4117.75299978256,2301.11042166682,10,regular,12,by_practice,4,4,-3.58971215319006,0.425291783577671,0.224172847742604
4,1285.92199993134,4117.75299978256,2301.11042166682,10,regular,12,by_practice,4,5,-3.75608981672292,0.40744460475993,0.0225018041027928
4,1285.92199993134,4117.75299978256,2301.11042166682,10,regular,12,by_practice,4,8,-2.91878838679705,0.512124275841991,1
4,1285.92199993134,4117.75299978256,2301.11042166682,10,regular,12,by_practice,4,6,-3.49847363192478,0.441418127673748,0.218185074824657
4,1285.92199993134,4117.75299978256,2301.11042166682,10,regular,12,by_practice,4,7,-3.12845212441595,0.484800684517256,0.708423503102258
4,1285.92199993134,4117.75299978256,2301.11042166682,10,regular,12,by_practice,4,12,-2.49104312112465,0.561274842946584,1
4,1285.92199993134,4117.75299978256,2301.11042166682,10,regular,12,by_practice,4,10,-2.83283780240353,0.522563952338016,1
4,1285.92199993134,4117.75299978256,2301.11042166682,10,regular,12,by_practice,4,9,-3.0876108281256,0.492301268301802,0.840294512936249
4,1285.92199993134,4117.75299978256,2301.11042166682,10,regular,12,by_practice,4,21+,-2.29896947270189,0.593776054859068,1
4,1285.92199993134,4117.75299978256,2301.11042166682,10,regular,12,by_practice,4,11,-2.69386292876943,0.536150538160925,1
4,1285.92199993134,4117.75299978256,2301.11042166682,10,regular,12,by_practice,4,13,-2.6749896669313,0.554259208148879,1
4,1285.92199993134,4117.75299978256,2301.11042166682,10,regular,12,by_practice,4,16,-2.11025777680219,0.604719696681814,1
5,4159.79800009727,13238.1209998131,7420.77551608107,10,regular,13,by_practice,4,4,-3.93479827161559,0.394663293947383,0.116985616909867
5,4159.79800009727,13238.1209998131,7420.77551608107,10,regular,13,by_practice,4,5,-3.98242216621704,0.389286060911554,0.0779133046832043
5,4159.79800009727,13238.1209998131,7420.77551608107,10,regular,13,by_practice,4,8,-3.39920318156315,0.456493235444428,0.41972547392001
5,4159.79800009727,13238.1209998131,7420.77551608107,10,regular,13,by_practice,4,6,-3.60638004773644,0.43272729740218,0.234741138219034
5,4159.79800009727,13238.1209998131,7420.77551608107,10,regular,13,by_practice,4,7,-3.47529198353229,0.446420264941735,0.320763432210596
5,4159.79800009727,13238.1209998131,7420.77551608107,10,regular,13,by_practice,4,14,-2.73398390675317,0.531474403326166,1
5,4159.79800009727,13238.1209998131,7420.77551608107,10,regular,13,by_practice,4,12,-3.08115742372432,0.498210118799558,0.964955937512148
5,4159.79800009727,13238.1209998131,7420.77551608107,10,regular,13,by_practice,4,10,-3.11423470396438,0.484777795228313,0.74035529247355
5,4159.79800009727,13238.1209998131,7420.77551608107,10,regular,13,by_practice,4,9,-2.86648864482839,0.512836957859224,1
5,4159.79800009727,13238.1209998131,7420.77551608107,10,regular,13,by_practice,4,21+,-2.29892516232212,0.572778200343342,1
5,4159.79800009727,13238.1209998131,7420.77551608107,10,regular,13,by_practice,4,11,-2.95197531227335,0.508571181778442,1
5,4159.79800009727,13238.1209998131,7420.77551608107,10,regular,13,by_practice,4,17,-2.57146081667612,0.558114313502547,1
5,4159.79800009727,13238.1209998131,7420.77551608107,10,regular,13,by_practice,4,13,-2.53732820429372,0.555596977024483,1
5,4159.79800009727,13238.1209998131,7420.77551608107,10,regular,13,by_practice,4,18,-2.61403160265532,0.539409844299064,1
5,4159.79800009727,13238.1209998131,7420.77551608107,10,regular,13,by_practice,4,16,-2.13828014625464,0.59331517052094,1
5,4159.79800009727,13238.1209998131,7420.77551608107,10,regular,13,by_practice,4,19,-2.19067321932198,0.596283668411889,1
6,13371.3069999218,42791.6510000229,23920.2906034776,10,regular,14,by_practice,4,4,-4.24436599745641,0.380899261292466,0.0783162604015458
6,13371.3069999218,42791.6510000229,23920.2906034776,10,regular,14,by_practice,4,5,-4.36960817149936,0.368268094832152,0.0394797444210691
6,13371.3069999218,42791.6510000229,23920.2906034776,10,regular,14,by_practice,4,8,-3.55254449618671,0.448407069420784,0.33783735226988
6,13371.3069999218,42791.6510000229,23920.2906034776,10,regular,14,by_practice,4,6,-4.12494338026724,0.392148052201655,0.0822381601072235
6,13371.3069999218,42791.6510000229,23920.2906034776,10,regular,14,by_practice,4,7,-3.84279097023094,0.41966474148704,0.172104171910154
6,13371.3069999218,42791.6510000229,23920.2906034776,10,regular,14,by_practice,4,14,-3.62138802145899,0.438774633674159,0.278233114744859
6,13371.3069999218,42791.6510000229,23920.2906034776,10,regular,14,by_practice,4,12,-3.2284161260343,0.478004045439986,0.623038695282846
6,13371.3069999218,42791.6510000229,23920.2906034776,10,regular,14,by_practice,4,10,-3.79719858613424,0.4271240181215,0.217246484130197
6,13371.3069999218,42791.6510000229,23920.2906034776,10,regular,14,by_practice,4,9,-3.50842619613918,0.454358700668317,0.390887429152178
6,13371.3069999218,42791.6510000229,23920.2906034776,10,regular,14,by_practice,4,21+,-2.68132877473176,0.536742793857727,1
6,13371.3069999218,42791.6510000229,23920.2906034776,10,regular,14,by_practice,4,11,-3.34456390333414,0.473344271335725,0.560867319630997
6,13371.3069999218,42791.6510000229,23920.2906034776,10,regular,14,by_practice,4,17,-2.52659671730082,0.554535415114227,1
6,13371.3069999218,42791.6510000229,23920.2906034776,10,regular,14,by_practice,4,13,-3.45028487362985,0.462582617503085,0.456169848173725
6,13371.3069999218,42791.6510000229,23920.2906034776,10,regular,14,by_practice,4,16,-2.78207408228057,0.523186893178851,1
6,13371.3069999218,42791.6510000229,23920.2906034776,10,regular,14,by_practice,4,15,-2.93647775797169,0.509363951208316,1
6,13371.3069999218,42791.6510000229,23920.2906034776,10,regular,14,by_practice,4,20,-2.77176783994897,0.515432701392384,1
7,42824.5380001068,137553.312999964,76750.6161513218,10,regular,15,by_practice,4,4,-4.92143677491747,0.32861245874142,0.017215149533007
7,42824.5380001068,137553.312999964,76750.6161513218,10,regular,15,by_practice,4,5,-4.92777362318598,0.328991578568567,0.0139819206409321
7,42824.5380001068,137553.312999964,76750.6161513218,10,regular,15,by_practice,4,8,-4.23882208696401,0.388522205337305,0.0758194356078189
7,42824.5380001068,137553.312999964,76750.6161513218,10,regular,15,by_practice,4,6,-4.71955389292815,0.346500794591434,0.0249586274008102
7,42824.5380001068,137553.312999964,76750.6161513218,10,regular,15,by_practice,4,7,-4.33750171991533,0.380575539525577,0.0612881677817609
7,42824.5380001068,137553.312999964,76750.6161513218,10,regular,15,by_practice,4,14,-3.75194153555937,0.430454712091607,0.199100153507663
7,42824.5380001068,137553.312999964,76750.6161513218,10,regular,15,by_practice,4,12,-4.05014544798393,0.405225374621348,0.110934919209851
7,42824.5380001068,137553.312999964,76750.6161513218,10,regular,15,by_practice,4,10,-3.8686671357425,0.422052744894005,0.163618036545007
7,42824.5380001068,137553.312999964,76750.6161513218,10,regular,15,by_practice,4,9,-4.13249297180951,0.398093349990371,0.0951351489353971
7,42824.5380001068,137553.312999964,76750.6161513218,10,regular,15,by_practice,4,21+,-2.87488662736851,0.511868595943353,1
7,42824.5380001068,137553.312999964,76750.6161513218,10,regular,15,by_practice,4,11,-3.80165892842577,0.426808837991987,0.184362405499756
7,42824.5380001068,137553.312999964,76750.6161513218,10,regular,15,by_practice,4,17,-3.38036721123519,0.468085982589947,0.486489069099037
7,42824.5380001068,137553.312999964,76750.6161513218,10,regular,15,by_practice,4,13,-3.77269193068203,0.430038175787923,0.200255628234447
7,42824.5380001068,137553.312999964,76750.6161513218,10,regular,15,by_practice,4,18,-3.68309867716052,0.437663554722003,0.238782594694794
7,42824.5380001068,137553.312999964,76750.6161513218,10,regular,15,by_practice,4,16,-3.38359718690024,0.465785188435409,0.458199070635179
7,42824.5380001068,137553.312999964,76750.6161513218,10,regular,15,by_practice,4,15,-3.28080431134091,0.472783821978787,0.536111427002583
7,42824.5380001068,137553.312999964,76750.6161513218,10,regular,15,by_practice,4,19,-3.48642013178414,0.454228841690858,0.345413512433919
7,42824.5380001068,137553.312999964,76750.6161513218,10,regular,15,by_practice,4,20,-3.11986775144992,0.493557553235394,0.864764656468445
8,138609.907999992,441248.032000065,247308.206739499,10,regular,16,by_practice,4,4,-5.08272883370759,0.332240902634996,0.0148644775207291
8,138609.907999992,441248.032000065,247308.206739499,10,regular,16,by_practice,4,5,-5.17145276546828,0.326502622558595,0.0105393690376208
8,138609.907999992,441248.032000065,247308.206739499,10,regular,16,by_practice,4,8,-4.38741831513345,0.387828298679056,0.059692487907693
8,138609.907999992,441248.032000065,247308.206739499,10,regular,16,by_practice,4,6,-4.88056864192561,0.347966323899263,0.0207442389177962
8,138609.907999992,441248.032000065,247308.206739499,10,regular,16,by_practice,4,7,-4.6280075885082,0.368484467295331,0.0355858835562959
8,138609.907999992,441248.032000065,247308.206739499,10,regular,16,by_practice,4,14,-3.65413628897397,0.447929841469974,0.272830917607291
8,138609.907999992,441248.032000065,247308.206739499,10,regular,16,by_practice,4,12,-3.68397655137685,0.444308532384626,0.24894285118095
8,138609.907999992,441248.032000065,247308.206739499,10,regular,16,by_practice,4,10,-4.03770094553519,0.416781692993698,0.123823625726206
8,138609.907999992,441248.032000065,247308.206739499,10,regular,16,by_practice,4,9,-4.26370138599574,0.397266400221413,0.0750587360002301
8,138609.907999992,441248.032000065,247308.206739499,10,regular,16,by_practice,4,21+,-3.18083528750244,0.483308232185064,0.660733222188656
8,138609.907999992,441248.032000065,247308.206739499,10,regular,16,by_practice,4,11,-3.84550684148943,0.430381252842439,0.17549773962396
8,138609.907999992,441248.032000065,247308.206739499,10,regular,16,by_practice,4,17,-3.40049145587861,0.472295649561439,0.50596683033086
8,138609.907999992,441248.032000065,247308.206739499,10,regular,16,by_practice,4,13,-3.79316125714405,0.439589113156962,0.226196250798758
8,138609.907999992,441248.032000065,247308.206739499,10,regular,16,by_practice,4,18,-3.71493137689972,0.44762997491895,0.278620606423938
8,138609.907999992,441248.032000065,247308.206739499,10,regular,16,by_practice,4,16,-3.46024509824834,0.460472668793702,0.365995683472637
8,138609.907999992,441248.032000065,247308.206739499,10,regular,16,by_practice,4,15,-3.48737527452227,0.458499323472447,0.353901085848922
8,138609.907999992,441248.032000065,247308.206739499,10,regular,16,by_practice,4,19,-3.09801707793746,0.493466811050011,0.847464782913611
8,138609.907999992,441248.032000065,247308.206739499,10,regular,16,by_practice,4,20,-4.05666809129413,0.412936276258813,0.110664107457562
9,444687.072000027,1410000.22900009,791838.91881709,10,regular,17,by_practice,4,4,-5.57926732624282,0.31082315737823,0.00584915187861693
9,444687.072000027,1410000.22900009,791838.91881709,10,regular,17,by_practice,4,5,-5.46763370097185,0.319219694078324,0.00675732130888475
9,444687.072000027,1410000.22900009,791838.91881709,10,regular,17,by_practice,4,8,-4.69980126786519,0.375691932075811,0.0356923600517226
9,444687.072000027,1410000.22900009,791838.91881709,10,regular,17,by_practice,4,6,-5.1756963599634,0.340127885473595,0.0126606192136684
9,444687.072000027,1410000.22900009,791838.91881709,10,regular,17,by_practice,4,7,-4.78719989811266,0.369693790016118,0.029641388061176
9,444687.072000027,1410000.22900009,791838.91881709,10,regular,17,by_practice,4,14,-4.41494828541713,0.39517747844152,0.0604957486989469
9,444687.072000027,1410000.22900009,791838.91881709,10,regular,17,by_practice,4,12,-4.29904608659978,0.402625450603242,0.0697674020936503
9,444687.072000027,1410000.22900009,791838.91881709,10,regular,17,by_practice,4,10,-4.21646072277252,0.411263932742975,0.0931871282598081
9,444687.072000027,1410000.22900009,791838.91881709,10,regular,17,by_practice,4,9,-4.6562824551667,0.379532035058129,0.039405915548736
9,444687.072000027,1410000.22900009,791838.91881709,10,regular,17,by_practice,4,21+,-3.52589209723167,0.452948344332397,0.282598681159986
9,444687.072000027,1410000.22900009,791838.91881709,10,regular,17,by_practice,4,11,-4.20515633574176,0.411698483629366,0.0933090915512636
9,444687.072000027,1410000.22900009,791838.91881709,10,regular,17,by_practice,4,13,-3.7491024577454,0.446128934655113,0.233356636258503
9,444687.072000027,1410000.22900009,791838.91881709,10,regular,17,by_practice,4,18,-3.96130918506738,0.427723617713453,0.138439754418574
9,444687.072000027,1410000.22900009,791838.91881709,10,regular,17,by_practice,4,16,-4.32556385643877,0.402816913808238,0.0745233797679984
9,444687.072000027,1410000.22900009,791838.91881709,10,regular,17,by_practice,4,15,-3.64973137962559,0.451142433235718,0.271876570160827
9,444687.072000027,1410000.22900009,791838.91881709,10,regular,17,by_practice,4,19,-3.00474563795618,0.502145147564646,1
9,444687.072000027,1410000.22900009,791838.91881709,10,regular,17,by_practice,4,20,-4.44497291998374,0.394763280409236,0.0580849005368786
10,1458368.50699997,4605678.9519999,2591674.58160728,10,regular,18,by_practice,4,4,-6.15315334880028,0.28378106152769,0.00150304399133641
10,1458368.50699997,4605678.9519999,2591674.58160728,10,regular,18,by_practice,4,5,-5.93338963953661,0.299098240241437,0.00236252708667066
10,1458368.50699997,4605678.9519999,2591674.58160728,10,regular,18,by_practice,4,8,-4.96409516053306,0.361438475787421,0.0162447973683352
10,1458368.50699997,4605678.9519999,2591674.58160728,10,regular,18,by_practice,4,6,-5.6117961262712,0.321589459573261,0.00474752334300867
10,1458368.50699997,4605678.9519999,2591674.58160728,10,regular,18,by_practice,4,7,-4.96850342194814,0.361934518366467,0.0162074814885922
10,1458368.50699997,4605678.9519999,2591674.58160728,10,regular,18,by_practice,4,14,-5.09559534165294,0.359976605945809,0.0153226315630901
10,1458368.50699997,4605678.9519999,2591674.58160728,10,regular,18,by_practice,4,12,-4.07060038685807,0.424574114781267,0.110661619107467
10,1458368.50699997,4605678.9519999,2591674.58160728,10,regular,18,by_practice,4,10,-4.92640351354948,0.364672324955373,0.0176133887382569
10,1458368.50699997,4605678.9519999,2591674.58160728,10,regular,18,by_practice,4,9,-4.90867041722355,0.364745952811085,0.0177690232327878
10,1458368.50699997,4605678.9519999,2591674.58160728,10,regular,18,by_practice,4,21+,-4.0612140552863,0.432886741330156,0.134642225974994
10,1458368.50699997,4605678.9519999,2591674.58160728,10,regular,18,by_practice,4,11,-4.67077069550874,0.383272008920453,0.0322055706806957
10,1458368.50699997,4605678.9519999,2591674.58160728,10,regular,18,by_practice,4,17,-4.22697845458745,0.409533877673446,0.0668207227462826
10,1458368.50699997,4605678.9519999,2591674.58160728,10,regular,18,by_practice,4,16,-4.13039234417581,0.419249774534069,0.0893945202263766
1,38.3629999160767,68.6730000972748,51.3274029828949,20,regular,19,by_practice,4,4,-2.97647083856774,0.499715330621009,0.979314133435035
1,38.3629999160767,68.6730000972748,51.3274029828949,20,regular,19,by_practice,4,5,-3.04335653879463,0.516998021778568,1
1,38.3629999160767,68.6730000972748,51.3274029828949,20,regular,19,by_practice,4,8,-2.60250320906298,0.57866448086986,1
1,38.3629999160767,68.6730000972748,51.3274029828949,20,regular,19,by_practice,4,6,-2.29016033489585,0.642741951015779,1
1,38.3629999160767,68.6730000972748,51.3274029828949,20,regular,19,by_practice,4,7,-2.39265735172251,0.630626007932553,1
2,68.949000120163,121.253999948502,91.4349061191595,20,regular,20,by_practice,4,4,-2.79118016181876,0.532100357889183,1
2,68.949000120163,121.253999948502,91.4349061191595,20,regular,20,by_practice,4,5,-2.86832425974335,0.54537742179831,1
2,68.949000120163,121.253999948502,91.4349061191595,20,regular,20,by_practice,4,8,-1.97150619914173,0.666075667897724,1
2,68.949000120163,121.253999948502,91.4349061191595,20,regular,20,by_practice,4,6,-2.86696238258284,0.538773463704378,1
2,68.949000120163,121.253999948502,91.4349061191595,20,regular,20,by_practice,4,7,-2.60346132991396,0.590513583480423,1
2,68.949000120163,121.253999948502,91.4349061191595,20,regular,20,by_practice,4,12,-1.73345215800375,0.726506878712197,1
2,68.949000120163,121.253999948502,91.4349061191595,20,regular,20,by_practice,4,10,-2.29727596191119,0.634387212196146,1
2,68.949000120163,121.253999948502,91.4349061191595,20,regular,20,by_practice,4,9,-1.80092454218831,0.690232727011162,1
2,68.949000120163,121.253999948502,91.4349061191595,20,regular,20,by_practice,4,21+,-1.07893027325336,0.811545898699062,1
2,68.949000120163,121.253999948502,91.4349061191595,20,regular,20,by_practice,4,17,-1.1337926853088,0.825763724960542,1
2,68.949000120163,121.253999948502,91.4349061191595,20,regular,20,by_practice,4,13,-1.7214902245522,0.726852686435004,1
2,68.949000120163,121.253999948502,91.4349061191595,20,regular,20,by_practice,4,16,-0.978972875432098,0.839624985142358,1
2,68.949000120163,121.253999948502,91.4349061191595,20,regular,20,by_practice,4,19,-0.990414069228139,0.795052363625227,1
3,123.598999977112,220.978999853134,165.265796212615,20,regular,21,by_practice,4,4,-3.10038999326811,0.483395238226557,0.524996067781304
3,123.598999977112,220.978999853134,165.265796212615,20,regular,21,by_practice,4,5,-2.80914961981831,0.551446019006098,1
3,123.598999977112,220.978999853134,165.265796212615,20,regular,21,by_practice,4,8,-2.75947212430499,0.547515974343018,1
3,123.598999977112,220.978999853134,165.265796212615,20,regular,21,by_practice,4,6,-3.05871036276162,0.504382555404969,1
3,123.598999977112,220.978999853134,165.265796212615,20,regular,21,by_practice,4,7,-3.04974729064813,0.508370291377775,1
3,123.598999977112,220.978999853134,165.265796212615,20,regular,21,by_practice,4,12,-1.89003423605828,0.666612010490831,1
3,123.598999977112,220.978999853134,165.265796212615,20,regular,21,by_practice,4,10,-2.19908640099112,0.635158621863039,1
3,123.598999977112,220.978999853134,165.265796212615,20,regular,21,by_practice,4,9,-2.49845434444392,0.59568113019877,1
3,123.598999977112,220.978999853134,165.265796212615,20,regular,21,by_practice,4,21+,-1.37089481103901,0.764102811074981,1
3,123.598999977112,220.978999853134,165.265796212615,20,regular,21,by_practice,4,13,-1.88751700027475,0.705474469050412,1
3,123.598999977112,220.978999853134,165.265796212615,20,regular,21,by_practice,4,15,-1.32539927544558,0.713996331136827,1
3,123.598999977112,220.978999853134,165.265796212615,20,regular,21,by_practice,4,19,-0.700410375054792,0.881433371662032,1
4,224.68799996376,395.178999900818,297.979830047931,20,regular,22,by_practice,4,4,-3.16531607460129,0.474191291262853,0.462002201312216
4,224.68799996376,395.178999900818,297.979830047931,20,regular,22,by_practice,4,5,-2.86438583382383,0.531396967390078,1
4,224.68799996376,395.178999900818,297.979830047931,20,regular,22,by_practice,4,8,-2.5204490550933,0.577634975464254,1
4,224.68799996376,395.178999900818,297.979830047931,20,regular,22,by_practice,4,6,-3.52231085459606,0.432984360462503,3.94430452610506e-31
4,224.68799996376,395.178999900818,297.979830047931,20,regular,22,by_practice,4,7,-2.76195021581833,0.539758652634999,1
4,224.68799996376,395.178999900818,297.979830047931,20,regular,22,by_practice,4,14,-1.21160666786716,0.773780190723045,1
4,224.68799996376,395.178999900818,297.979830047931,20,regular,22,by_practice,4,12,-2.10710781942378,0.632199980824034,1
4,224.68799996376,395.178999900818,297.979830047931,20,regular,22,by_practice,4,10,-2.37096087988313,0.601259320000249,1
4,224.68799996376,395.178999900818,297.979830047931,20,regular,22,by_practice,4,9,-2.37972268747986,0.604068300829477,1
4,224.68799996376,395.178999900818,297.979830047931,20,regular,22,by_practice,4,21+,-1.53139558405792,0.718406593412219,1
5,398.260999917984,713.151999950409,532.935857860737,20,regular,23,by_practice,4,4,-3.3185156215944,0.453583258711598,0.258484769272685
5,398.260999917984,713.151999950409,532.935857860737,20,regular,23,by_practice,4,5,-3.16259407751678,0.485555009506039,0.710112335754212
5,398.260999917984,713.151999950409,532.935857860737,20,regular,23,by_practice,4,8,-2.02508760583231,0.651056513948174,1
5,398.260999917984,713.151999950409,532.935857860737,20,regular,23,by_practice,4,6,-3.45467021267175,0.437056450347026,3.94430452610506e-31
5,398.260999917984,713.151999950409,532.935857860737,20,regular,23,by_practice,4,7,-2.76501339523325,0.539742224288484,1
5,398.260999917984,713.151999950409,532.935857860737,20,regular,23,by_practice,4,10,-2.7222443328036,0.536695042285336,1
5,398.260999917984,713.151999950409,532.935857860737,20,regular,23,by_practice,4,9,-2.21036577805251,0.617623944762559,1
5,398.260999917984,713.151999950409,532.935857860737,20,regular,23,by_practice,4,11,-2.65731167498982,0.551114991037022,1
5,398.260999917984,713.151999950409,532.935857860737,20,regular,23,by_practice,4,13,-1.87108370078608,0.659784925817537,1
6,719.106000185013,1281.28500008583,959.885269971769,20,regular,24,by_practice,4,4,-3.16994526078691,0.476271859071639,0.622716526503554
6,719.106000185013,1281.28500008583,959.885269971769,20,regular,24,by_practice,4,5,-3.32803423229741,0.460546375700006,0.305551452947269
6,719.106000185013,1281.28500008583,959.885269971769,20,regular,24,by_practice,4,8,-3.65571930260854,0.409874322514116,0.0141016063848885
6,719.106000185013,1281.28500008583,959.885269971769,20,regular,24,by_practice,4,6,-3.14583548363017,0.481039617049893,0.632126224689306
6,719.106000185013,1281.28500008583,959.885269971769,20,regular,24,by_practice,4,7,-2.86974575772715,0.518074737224195,1
6,719.106000185013,1281.28500008583,959.885269971769,20,regular,24,by_practice,4,14,-1.99793285713599,0.643153806843756,1
6,719.106000185013,1281.28500008583,959.885269971769,20,regular,24,by_practice,4,12,-1.88150280217794,0.654025221181413,1
6,719.106000185013,1281.28500008583,959.885269971769,20,regular,24,by_practice,4,10,-3.02619767290798,0.501864051999729,1
6,719.106000185013,1281.28500008583,959.885269971769,20,regular,24,by_practice,4,9,-3.19653619382442,0.472940163417081,0.549325067079932
6,719.106000185013,1281.28500008583,959.885269971769,20,regular,24,by_practice,4,21+,-1.09603302384036,0.769323020102354,1
6,719.106000185013,1281.28500008583,959.885269971769,20,regular,24,by_practice,4,11,-1.95581354539514,0.641955324751959,1
6,719.106000185013,1281.28500008583,959.885269971769,20,regular,24,by_practice,4,13,-1.90890713450455,0.654261189916026,1
7,1285.92199993134,2299.80999994278,1719.70237965426,20,regular,25,by_practice,4,4,-3.35821893197982,0.454131797955024,0.403850030615766
7,1285.92199993134,2299.80999994278,1719.70237965426,20,regular,25,by_practice,4,5,-3.55674692758525,0.42896558116136,0.0933738076811083
7,1285.92199993134,2299.80999994278,1719.70237965426,20,regular,25,by_practice,4,8,-2.80488467875894,0.526969211379146,1
7,1285.92199993134,2299.80999994278,1719.70237965426,20,regular,25,by_practice,4,6,-3.44330875448609,0.442692395924346,0.223087336993669
7,1285.92199993134,2299.80999994278,1719.70237965426,20,regular,25,by_practice,4,7,-2.96626949128214,0.502299960510442,1
7,1285.92199993134,2299.80999994278,1719.70237965426,20,regular,25,by_practice,4,12,-2.41323778320226,0.570762892323591,1
7,1285.92199993134,2299.80999994278,1719.70237965426,20,regular,25,by_practice,4,10,-2.98538221014218,0.503426428592636,1
7,1285.92199993134,2299.80999994278,1719.70237965426,20,regular,25,by_practice,4,9,-3.12160307694363,0.483608599410325,0.687343736795753
7,1285.92199993134,2299.80999994278,1719.70237965426,20,regular,25,by_practice,4,11,-2.9779799488379,0.507126872390366,1
7,1285.92199993134,2299.80999994278,1719.70237965426,20,regular,25,by_practice,4,16,-1.75485931155769,0.666075414808038,1
8,2304.1139998436,4117.75299978256,3080.22277355015,20,regular,26,by_practice,4,4,-3.76461403983175,0.407540666129325,0.153199555370687
8,2304.1139998436,4117.75299978256,3080.22277355015,20,regular,26,by_practice,4,5,-3.94896201168037,0.384639828967917,3.94430452610506e-31
8,2304.1139998436,4117.75299978256,3080.22277355015,20,regular,26,by_practice,4,8,-2.99716228565234,0.498746410133317,0.976083645566905
8,2304.1139998436,4117.75299978256,3080.22277355015,20,regular,26,by_practice,4,6,-3.55511721276678,0.431222445793973,0.195922569755517
8,2304.1139998436,4117.75299978256,3080.22277355015,20,regular,26,by_practice,4,7,-3.26985018701299,0.466035833526216,0.493265833842738
8,2304.1139998436,4117.75299978256,3080.22277355015,20,regular,26,by_practice,4,12,-2.5397765420532,0.556326511176464,1
8,2304.1139998436,4117.75299978256,3080.22277355015,20,regular,26,by_practice,4,10,-2.72955544949249,0.532298385403256,1
8,2304.1139998436,4117.75299978256,3080.22277355015,20,regular,26,by_practice,4,9,-3.06889092044307,0.491035223984655,0.844010679111147
8,2304.1139998436,4117.75299978256,3080.22277355015,20,regular,26,by_practice,4,21+,-2.23680364176146,0.59032186325905,1
8,2304.1139998436,4117.75299978256,3080.22277355015,20,regular,26,by_practice,4,11,-2.58256702731441,0.54873892734014,1
8,2304.1139998436,4117.75299978256,3080.22277355015,20,regular,26,by_practice,4,13,-2.41667382795261,0.570532552873515,1
8,2304.1139998436,4117.75299978256,3080.22277355015,20,regular,26,by_practice,4,16,-2.32847567008142,0.583306785845343,1
9,4159.79800009727,7391.78800010681,5545.11901946093,20,regular,27,by_practice,4,4,-3.95799652904394,0.389924175772572,0.105762417467988
9,4159.79800009727,7391.78800010681,5545.11901946093,20,regular,27,by_practice,4,5,-3.9729282054549,0.388815772472465,0.0667373142169639
9,4159.79800009727,7391.78800010681,5545.11901946093,20,regular,27,by_practice,4,8,-3.45377240688301,0.448859537800441,0.351938975389038
9,4159.79800009727,7391.78800010681,5545.11901946093,20,regular,27,by_practice,4,6,-3.49990905737247,0.443991674620137,0.307291447831115
9,4159.79800009727,7391.78800010681,5545.11901946093,20,regular,27,by_practice,4,7,-3.50756120325473,0.440642108282809,0.313165424302642
9,4159.79800009727,7391.78800010681,5545.11901946093,20,regular,27,by_practice,4,12,-2.70858299135539,0.533018605531813,1
9,4159.79800009727,7391.78800010681,5545.11901946093,20,regular,27,by_practice,4,10,-2.85021290201359,0.515712808164072,1
9,4159.79800009727,7391.78800010681,5545.11901946093,20,regular,27,by_practice,4,9,-2.85224051039341,0.518108904183211,1
9,4159.79800009727,7391.78800010681,5545.11901946093,20,regular,27,by_practice,4,21+,-2.07755392910563,0.60178926270539,1
9,4159.79800009727,7391.78800010681,5545.11901946093,20,regular,27,by_practice,4,11,-2.54849776888884,0.557653400519943,1
9,4159.79800009727,7391.78800010681,5545.11901946093,20,regular,27,by_practice,4,17,-2.25477381940463,0.590944646906932,1
9,4159.79800009727,7391.78800010681,5545.11901946093,20,regular,27,by_practice,4,13,-2.41048167223991,0.570602935289701,1
10,7453.84100008011,13238.1209998131,9933.52148396672,20,regular,28,by_practice,4,4,-3.91823921701725,0.401162785186249,0.137829126866627
10,7453.84100008011,13238.1209998131,9933.52148396672,20,regular,28,by_practice,4,5,-3.98762913242101,0.393702191990168,0.0945919187656131
10,7453.84100008011,13238.1209998131,9933.52148396672,20,regular,28,by_practice,4,8,-3.36673026988607,0.459816265850944,0.44800017820559
10,7453.84100008011,13238.1209998131,9933.52148396672,20,regular,28,by_practice,4,6,-3.69188992733522,0.425037600211142,0.199452899856138
10,7453.84100008011,13238.1209998131,9933.52148396672,20,regular,28,by_practice,4,7,-3.45648840052989,0.451653026011209,0.366092662327154
10,7453.84100008011,13238.1209998131,9933.52148396672,20,regular,28,by_practice,4,14,-2.38172675230461,0.568175329950629,1
10,7453.84100008011,13238.1209998131,9933.52148396672,20,regular,28,by_practice,4,10,-3.24488727207801,0.474097491944319,0.586302312389522
10,7453.84100008011,13238.1209998131,9933.52148396672,20,regular,28,by_practice,4,9,-2.8753792322016,0.516342537096732,1
10,7453.84100008011,13238.1209998131,9933.52148396672,20,regular,28,by_practice,4,21+,-2.38416206863628,0.56169430319095,1
10,7453.84100008011,13238.1209998131,9933.52148396672,20,regular,28,by_practice,4,11,-3.65544817227468,0.42960948931231,0.188261779931082
10,7453.84100008011,13238.1209998131,9933.52148396672,20,regular,28,by_practice,4,13,-2.70240875960808,0.536970750208877,1
10,7453.84100008011,13238.1209998131,9933.52148396672,20,regular,28,by_practice,4,16,-1.57707508649349,0.652173987921626,1
11,13371.3069999218,23490.6749999523,17722.8955608205,20,regular,29,by_practice,4,4,-4.12010620958266,0.385112811843729,0.090111160986135
11,13371.3069999218,23490.6749999523,17722.8955608205,20,regular,29,by_practice,4,5,-4.16975313262465,0.38028371007989,0.0660300502154951
11,13371.3069999218,23490.6749999523,17722.8955608205,20,regular,29,by_practice,4,8,-3.36476857229662,0.4623255012112,0.461317489354232
11,13371.3069999218,23490.6749999523,17722.8955608205,20,regular,29,by_practice,4,6,-3.9070966559934,0.408182958980745,0.133594989229425
11,13371.3069999218,23490.6749999523,17722.8955608205,20,regular,29,by_practice,4,7,-3.67829087938337,0.431676889021933,0.230733033139022
11,13371.3069999218,23490.6749999523,17722.8955608205,20,regular,29,by_practice,4,14,-2.8971305203987,0.51102115533045,1
11,13371.3069999218,23490.6749999523,17722.8955608205,20,regular,29,by_practice,4,10,-3.86025076673424,0.411907488430277,0.139229967956222
11,13371.3069999218,23490.6749999523,17722.8955608205,20,regular,29,by_practice,4,9,-3.26275566868116,0.474163322085438,0.587301245558811
11,13371.3069999218,23490.6749999523,17722.8955608205,20,regular,29,by_practice,4,21+,-2.76987237159281,0.524383498039108,1
11,13371.3069999218,23490.6749999523,17722.8955608205,20,regular,29,by_practice,4,11,-3.27854180788955,0.473110918645334,0.560658733775855
11,13371.3069999218,23490.6749999523,17722.8955608205,20,regular,29,by_practice,4,17,-2.58529826970806,0.543039894580513,1
11,13371.3069999218,23490.6749999523,17722.8955608205,20,regular,29,by_practice,4,13,-3.17085787908314,0.483518997119436,0.719606289124324
11,13371.3069999218,23490.6749999523,17722.8955608205,20,regular,29,by_practice,4,16,-2.78207408228057,0.523186893178851,1
11,13371.3069999218,23490.6749999523,17722.8955608205,20,regular,29,by_practice,4,15,-3.25006739261527,0.475312517824204,0.572754676779524
12,24164.364000082,42791.6510000229,32156.38398404,20,regular,30,by_practice,4,4,-4.41869425032049,0.364124914031077,0.0484493230767081
12,24164.364000082,42791.6510000229,32156.38398404,20,regular,30,by_practice,4,5,-4.57759677269449,0.348581864418991,0.0275600757885819
12,24164.364000082,42791.6510000229,32156.38398404,20,regular,30,by_practice,4,8,-3.73656826800317,0.429088864077252,0.209577041931086
12,24164.364000082,42791.6510000229,32156.38398404,20,regular,30,by_practice,4,6,-4.40765165232393,0.364878964582491,0.0446193557445876
12,24164.364000082,42791.6510000229,32156.38398404,20,regular,30,by_practice,4,7,-4.08555879568787,0.394416915712117,0.0933891417611945
12,24164.364000082,42791.6510000229,32156.38398404,20,regular,30,by_practice,4,12,-2.82856494748415,0.515335627408939,1
12,24164.364000082,42791.6510000229,32156.38398404,20,regular,30,by_practice,4,10,-3.75893067160648,0.425328262809664,0.198711462317845
12,24164.364000082,42791.6510000229,32156.38398404,20,regular,30,by_practice,4,9,-3.76102744619473,0.426618321434813,0.196279053783477
12,24164.364000082,42791.6510000229,32156.38398404,20,regular,30,by_practice,4,21+,-2.56119001863479,0.532284561857919,1
12,24164.364000082,42791.6510000229,32156.38398404,20,regular,30,by_practice,4,11,-3.4721079788805,0.454148188698447,0.361765443181717
12,24164.364000082,42791.6510000229,32156.38398404,20,regular,30,by_practice,4,17,-2.44036904105546,0.552298437075312,1
12,24164.364000082,42791.6510000229,32156.38398404,20,regular,30,by_practice,4,13,-3.78318719879689,0.425482933050345,0.200205431824801
12,24164.364000082,42791.6510000229,32156.38398404,20,regular,30,by_practice,4,15,-2.57854814198878,0.542284699252301,1
12,24164.364000082,42791.6510000229,32156.38398404,20,regular,30,by_practice,4,20,-2.66380681899242,0.527233684055524,1
13,42824.5380001068,76709.8499999046,57315.4768479109,20,regular,31,by_practice,4,4,-4.86230929718275,0.330789307034693,0.0187134443087868
13,42824.5380001068,76709.8499999046,57315.4768479109,20,regular,31,by_practice,4,5,-4.86753276866856,0.330726386150337,0.0156159249700768
13,42824.5380001068,76709.8499999046,57315.4768479109,20,regular,31,by_practice,4,8,-4.16130146418917,0.393932114613124,0.087907150658463
13,42824.5380001068,76709.8499999046,57315.4768479109,20,regular,31,by_practice,4,6,-4.71011673252026,0.344412212366616,0.0236643265200352
13,42824.5380001068,76709.8499999046,57315.4768479109,20,regular,31,by_practice,4,7,-4.20425604681017,0.390393976984907,0.0773236001084724
13,42824.5380001068,76709.8499999046,57315.4768479109,20,regular,31,by_practice,4,12,-3.83635024412717,0.423033147286593,0.171731828741135
13,42824.5380001068,76709.8499999046,57315.4768479109,20,regular,31,by_practice,4,10,-3.93008706369925,0.414170945880931,0.140098228523033
13,42824.5380001068,76709.8499999046,57315.4768479109,20,regular,31,by_practice,4,9,-4.25654703650032,0.385365768475737,0.0712998489267342
13,42824.5380001068,76709.8499999046,57315.4768479109,20,regular,31,by_practice,4,21+,-3.36890553825054,0.469164634345763,0.499079910154078
13,42824.5380001068,76709.8499999046,57315.4768479109,20,regular,31,by_practice,4,11,-3.86655265841215,0.420888032336237,0.163968820562852
13,42824.5380001068,76709.8499999046,57315.4768479109,20,regular,31,by_practice,4,17,-3.1466412511176,0.483738385649486,0.695514884836322
13,42824.5380001068,76709.8499999046,57315.4768479109,20,regular,31,by_practice,4,13,-4.02957191227041,0.405257251623073,0.116957132416833
13,42824.5380001068,76709.8499999046,57315.4768479109,20,regular,31,by_practice,4,18,-3.4685098270372,0.456190122969341,0.376370642635376
13,42824.5380001068,76709.8499999046,57315.4768479109,20,regular,31,by_practice,4,16,-3.24473491406945,0.477009348608019,0.595577113200388
13,42824.5380001068,76709.8499999046,57315.4768479109,20,regular,31,by_practice,4,15,-3.29381710876204,0.473123856542351,0.545598775560913
13,42824.5380001068,76709.8499999046,57315.4768479109,20,regular,31,by_practice,4,19,-3.4049625646516,0.463232847869742,0.43851577756572
13,42824.5380001068,76709.8499999046,57315.4768479109,20,regular,31,by_practice,4,20,-2.93160499024012,0.506483709837124,1
14,76959.0260000229,137553.312999964,102888.138245152,20,regular,32,by_practice,4,4,-4.95206171597743,0.330721247156632,0.0177020946034012
14,76959.0260000229,137553.312999964,102888.138245152,20,regular,32,by_practice,4,5,-4.95448260729586,0.330066974209748,0.0139570678225676
14,76959.0260000229,137553.312999964,102888.138245152,20,regular,32,by_practice,4,8,-4.28650059664135,0.388606964503227,0.0710044821622514
14,76959.0260000229,137553.312999964,102888.138245152,20,regular,32,by_practice,4,6,-4.72357579784953,0.350300488164,0.0261765395934461
14,76959.0260000229,137553.312999964,102888.138245152,20,regular,32,by_practice,4,7,-4.40838590221904,0.377748013680834,0.0550887965914116
14,76959.0260000229,137553.312999964,102888.138245152,20,regular,32,by_practice,4,14,-3.48209256263404,0.458177834915615,0.38021198196079
14,76959.0260000229,137553.312999964,102888.138245152,20,regular,32,by_practice,4,12,-4.23496772136136,0.392873944050097,0.0766152064092271
14,76959.0260000229,137553.312999964,102888.138245152,20,regular,32,by_practice,4,10,-3.83743688244328,0.427924141707537,0.184781645685123
14,76959.0260000229,137553.312999964,102888.138245152,20,regular,32,by_practice,4,9,-4.05727383724976,0.408860389978477,0.118088665585227
14,76959.0260000229,137553.312999964,102888.138245152,20,regular,32,by_practice,4,21+,-2.67914014468165,0.522645321354077,1
14,76959.0260000229,137553.312999964,102888.138245152,20,regular,32,by_practice,4,11,-3.76368427571299,0.43485952382694,0.2210917389184
14,76959.0260000229,137553.312999964,102888.138245152,20,regular,32,by_practice,4,17,-3.87550783366363,0.424015954413701,0.168259437792303
14,76959.0260000229,137553.312999964,102888.138245152,20,regular,32,by_practice,4,13,-3.66025321985682,0.444477657385857,0.272063317108461
14,76959.0260000229,137553.312999964,102888.138245152,20,regular,32,by_practice,4,18,-3.76903233638308,0.433654396676071,0.20657419659006
14,76959.0260000229,137553.312999964,102888.138245152,20,regular,32,by_practice,4,16,-3.47617448110378,0.457218367644733,0.370902134728432
14,76959.0260000229,137553.312999964,102888.138245152,20,regular,32,by_practice,4,15,-3.27508499374893,0.477254327997021,0.593883098115489
14,76959.0260000229,137553.312999964,102888.138245152,20,regular,32,by_practice,4,19,-3.52555474741153,0.454399035845941,0.345958903010243
14,76959.0260000229,137553.312999964,102888.138245152,20,regular,32,by_practice,4,20,-3.48182172260058,0.456032081039575,0.359952434709997
15,138609.907999992,247039.671000004,185046.334926307,20,regular,33,by_practice,4,4,-5.02605798147942,0.333194065426012,0.0159854200904667
15,138609.907999992,247039.671000004,185046.334926307,20,regular,33,by_practice,4,5,-5.12365280065913,0.325077098402225,0.0108693063902689
15,138609.907999992,247039.671000004,185046.334926307,20,regular,33,by_practice,4,8,-4.416267092295,0.38402778987895,0.0568322887554402
15,138609.907999992,247039.671000004,185046.334926307,20,regular,33,by_practice,4,6,-4.82514877102827,0.350053605119268,0.0226184062720446
15,138609.907999992,247039.671000004,185046.334926307,20,regular,33,by_practice,4,7,-4.49885280347133,0.377139923629352,0.0473497497775233
15,138609.907999992,247039.671000004,185046.334926307,20,regular,33,by_practice,4,14,-3.67047487939225,0.44504560922306,0.260155340450074
15,138609.907999992,247039.671000004,185046.334926307,20,regular,33,by_practice,4,12,-3.58355632783752,0.451667723256814,0.308027017192873
15,138609.907999992,247039.671000004,185046.334926307,20,regular,33,by_practice,4,10,-3.95522186271798,0.421934368279443,0.148717282033082
15,138609.907999992,247039.671000004,185046.334926307,20,regular,33,by_practice,4,9,-4.22843736871101,0.399896324184864,0.086161545796677
15,138609.907999992,247039.671000004,185046.334926307,20,regular,33,by_practice,4,21+,-2.98618804623359,0.502391287353627,1
15,138609.907999992,247039.671000004,185046.334926307,20,regular,33,by_practice,4,11,-3.86188198978022,0.430331894192962,0.182723858662435
15,138609.907999992,247039.671000004,185046.334926307,20,regular,33,by_practice,4,17,-3.26722784232128,0.478178384502604,0.588527593909333
15,138609.907999992,247039.671000004,185046.334926307,20,regular,33,by_practice,4,13,-3.84949146612751,0.431055152273507,0.186868781196305
15,138609.907999992,247039.671000004,185046.334926307,20,regular,33,by_practice,4,18,-3.54376437806857,0.457005232074514,0.347882238763273
15,138609.907999992,247039.671000004,185046.334926307,20,regular,33,by_practice,4,16,-4.04685722248198,0.412481798365764,0.116804150077668
15,138609.907999992,247039.671000004,185046.334926307,20,regular,33,by_practice,4,15,-3.63451637505886,0.449088416097784,0.285419231037397
16,247494.954999924,441248.032000065,330464.312481183,20,regular,34,by_practice,4,4,-5.16780177675599,0.329706530861831,0.0123453325344901
16,247494.954999924,441248.032000065,330464.312481183,20,regular,34,by_practice,4,5,-5.22544621989343,0.324435468419295,0.00916667308182972
16,247494.954999924,441248.032000065,330464.312481183,20,regular,34,by_practice,4,8,-4.3540129118106,0.394547863767434,0.0676097082242603
16,247494.954999924,441248.032000065,330464.312481183,20,regular,34,by_practice,4,6,-4.93734965002218,0.347135042585808,0.0184663626384398
16,247494.954999924,441248.032000065,330464.312481183,20,regular,34,by_practice,4,7,-4.74693803659442,0.36397261710439,0.0279290659001829
16,247494.954999924,441248.032000065,330464.312481183,20,regular,34,by_practice,4,14,-3.63555915671016,0.450873420044751,0.284343446828099
16,247494.954999924,441248.032000065,330464.312481183,20,regular,34,by_practice,4,12,-3.78081757525605,0.439294411633495,0.211549695027658
16,247494.954999924,441248.032000065,330464.312481183,20,regular,34,by_practice,4,10,-4.13300489868985,0.412588797437679,0.106987181115473
16,247494.954999924,441248.032000065,330464.312481183,20,regular,34,by_practice,4,9,-4.30391824523778,0.399326150009261,0.0775179181488274
16,247494.954999924,441248.032000065,330464.312481183,20,regular,34,by_practice,4,21+,-3.27481063633208,0.473062560506944,0.510472492708353
16,247494.954999924,441248.032000065,330464.312481183,20,regular,34,by_practice,4,11,-3.83035611612634,0.433255651723434,0.181524715664056
16,247494.954999924,441248.032000065,330464.312481183,20,regular,34,by_practice,4,17,-3.5618146396563,0.456470760690869,0.331813799032656
16,247494.954999924,441248.032000065,330464.312481183,20,regular,34,by_practice,4,13,-3.6881084317819,0.442507085649313,0.228015796499979
16,247494.954999924,441248.032000065,330464.312481183,20,regular,34,by_practice,4,18,-3.92308778497301,0.428959686385875,0.16351706303914
16,247494.954999924,441248.032000065,330464.312481183,20,regular,34,by_practice,4,16,-3.2838748212092,0.477029072808564,0.557036857340226
16,247494.954999924,441248.032000065,330464.312481183,20,regular,34,by_practice,4,15,-3.35721783001454,0.472191994428216,0.4925053783561
16,247494.954999924,441248.032000065,330464.312481183,20,regular,34,by_practice,4,19,-3.09801707793746,0.493466811050011,0.847464782913611
17,444687.072000027,792104.104000092,593496.802625765,20,regular,35,by_practice,4,4,-5.46060845567501,0.314667154388296,0.00674015083361671
17,444687.072000027,792104.104000092,593496.802625765,20,regular,35,by_practice,4,5,-5.358922727967,0.322412608164368,0.00778945549265732
17,444687.072000027,792104.104000092,593496.802625765,20,regular,35,by_practice,4,8,-4.70437556795171,0.371256565015368,0.0320065153835549
17,444687.072000027,792104.104000092,593496.802625765,20,regular,35,by_practice,4,6,-5.07635266562065,0.343228173446288,0.0142518558313096
17,444687.072000027,792104.104000092,593496.802625765,20,regular,35,by_practice,4,7,-4.78439904137095,0.365682210346291,0.0269826904415664
17,444687.072000027,792104.104000092,593496.802625765,20,regular,35,by_practice,4,14,-4.33835453341814,0.39909828759604,0.0676665011886315
17,444687.072000027,792104.104000092,593496.802625765,20,regular,35,by_practice,4,12,-3.70160500451651,0.447234230141498,0.244820673336606
17,444687.072000027,792104.104000092,593496.802625765,20,regular,35,by_practice,4,10,-4.09274026819317,0.418018256697192,0.113263405517029
17,444687.072000027,792104.104000092,593496.802625765,20,regular,35,by_practice,4,9,-4.59905858661157,0.378941818517565,0.0392240344008685
17,444687.072000027,792104.104000092,593496.802625765,20,regular,35,by_practice,4,21+,-3.52550537854696,0.450301252515056,0.267821354174671
17,444687.072000027,792104.104000092,593496.802625765,20,regular,35,by_practice,4,11,-4.04238920718571,0.420745953326386,0.120243239288979
17,444687.072000027,792104.104000092,593496.802625765,20,regular,35,by_practice,4,13,-3.43058691396579,0.468311659196694,0.42903406749812
17,444687.072000027,792104.104000092,593496.802625765,20,regular,35,by_practice,4,18,-4.12619589286298,0.413964191636888,0.101277013300871
17,444687.072000027,792104.104000092,593496.802625765,20,regular,35,by_practice,4,16,-4.25145682193459,0.406354109880523,0.0830861304348309
17,444687.072000027,792104.104000092,593496.802625765,20,regular,35,by_practice,4,15,-3.64973137962559,0.451142433235718,0.271876570160827
17,444687.072000027,792104.104000092,593496.802625765,20,regular,35,by_practice,4,19,-3.10312822642306,0.491198867809103,0.793289335875604
18,808071.109999895,1410000.22900009,1067417.65497307,20,regular,36,by_practice,4,4,-5.86029520575038,0.293208678773039,0.00298938601945065
18,808071.109999895,1410000.22900009,1067417.65497307,20,regular,36,by_practice,4,5,-5.70939531918933,0.305031211740665,0.00373144269080168
18,808071.109999895,1410000.22900009,1067417.65497307,20,regular,36,by_practice,4,8,-4.68853388459969,0.379489800595582,0.0355355666345262
18,808071.109999895,1410000.22900009,1067417.65497307,20,regular,36,by_practice,4,6,-5.32573930292988,0.331917586528149,0.00880836101520735
18,808071.109999895,1410000.22900009,1067417.65497307,20,regular,36,by_practice,4,7,-4.79311379410095,0.371924299566411,0.0287029996521042
18,808071.109999895,1410000.22900009,1067417.65497307,20,regular,36,by_practice,4,14,-4.84427356951027,0.366668455981894,0.0249515638269755
18,808071.109999895,1410000.22900009,1067417.65497307,20,regular,36,by_practice,4,12,-4.77037675627733,0.373212902403322,0.0304279955145971
18,808071.109999895,1410000.22900009,1067417.65497307,20,regular,36,by_practice,4,10,-4.63312947462697,0.382872268880615,0.0396576674363498
18,808071.109999895,1410000.22900009,1067417.65497307,20,regular,36,by_practice,4,9,-4.83796543464816,0.367822388087789,0.0256456195143578
18,808071.109999895,1410000.22900009,1067417.65497307,20,regular,36,by_practice,4,21+,-3.52638190813355,0.454594946335953,0.288914582915655
18,808071.109999895,1410000.22900009,1067417.65497307,20,regular,36,by_practice,4,11,-4.59119273580932,0.385083012680758,0.0415706688962649
18,808071.109999895,1410000.22900009,1067417.65497307,20,regular,36,by_practice,4,13,-4.13138385464814,0.419547035092167,0.109608708927767
18,808071.109999895,1410000.22900009,1067417.65497307,20,regular,36,by_practice,4,18,-3.86650628554132,0.435575659505738,0.167526564318066
18,808071.109999895,1410000.22900009,1067417.65497307,20,regular,36,by_practice,4,16,-4.46379176389548,0.392807889639794,0.0526529935073854
18,808071.109999895,1410000.22900009,1067417.65497307,20,regular,36,by_practice,4,20,-3.95336047646772,0.431715265798917,0.152249807068281
19,1458368.50699997,2566018.70299983,1934476.89694859,20,regular,37,by_practice,4,4,-5.96817894635248,0.296151448931423,0.00265239280118809
19,1458368.50699997,2566018.70299983,1934476.89694859,20,regular,37,by_practice,4,5,-5.76320751329785,0.308301997962903,0.00364178949791078
19,1458368.50699997,2566018.70299983,1934476.89694859,20,regular,37,by_practice,4,8,-4.79545015132123,0.375892189695615,0.0279870070535177
19,1458368.50699997,2566018.70299983,1934476.89694859,20,regular,37,by_practice,4,6,-4.90377426396518,0.368207352129223,0.0213503684139954
19,1458368.50699997,2566018.70299983,1934476.89694859,20,regular,37,by_practice,4,7,-4.67727425766409,0.384263030217342,0.0355765360197863
19,1458368.50699997,2566018.70299983,1934476.89694859,20,regular,37,by_practice,4,12,-4.24755801320193,0.414427142208018,0.0862822658897807
19,1458368.50699997,2566018.70299983,1934476.89694859,20,regular,37,by_practice,4,10,-4.81327130183998,0.374656188631257,0.0266009247642918
19,1458368.50699997,2566018.70299983,1934476.89694859,20,regular,37,by_practice,4,9,-4.54979030248382,0.394988809362573,0.0495813715403552
19,1458368.50699997,2566018.70299983,1934476.89694859,20,regular,37,by_practice,4,11,-4.87896929886034,0.370740493370623,0.0244878596355416
20,2573482.61699986,4605678.9519999,3442765.56309806,20,regular,38,by_practice,4,4,-6.24675286087681,0.282313661405831,0.00141626359923699
20,2573482.61699986,4605678.9519999,3442765.56309806,20,regular,38,by_practice,4,5,-6.01030551201467,0.298065985499934,0.00225581578274567
20,2573482.61699986,4605678.9519999,3442765.56309806,20,regular,38,by_practice,4,8,-5.12308012169526,0.35848865680114,0.0145951815349638
20,2573482.61699986,4605678.9519999,3442765.56309806,20,regular,38,by_practice,4,6,-5.85531609361437,0.308976192804934,0.00318383291617222
20,2573482.61699986,4605678.9519999,3442765.56309806,20,regular,38,by_practice,4,7,-5.14523569666348,0.356490248823958,0.0136134134635368
20,2573482.61699986,4605678.9519999,3442765.56309806,20,regular,38,by_practice,4,14,-5.48418747209221,0.334319331834095,0.00682037164370262
20,2573482.61699986,4605678.9519999,3442765.56309806,20,regular,38,by_practice,4,10,-5.00117946874686,0.365729830516391,0.0179426534842791
20,2573482.61699986,4605678.9519999,3442765.56309806,20,regular,38,by_practice,4,9,-5.1878082333088,0.353996306537719,0.012685800147796
20,2573482.61699986,4605678.9519999,3442765.56309806,20,regular,38,by_practice,4,21+,-4.33617749450286,0.410288067776916,0.0709118790341151
20,2573482.61699986,4605678.9519999,3442765.56309806,20,regular,38,by_practice,4,11,-4.36669893935274,0.409258837467948,0.0663949880192095
20,2573482.61699986,4605678.9519999,3442765.56309806,20,regular,38,by_practice,4,16,-3.96091461790642,0.436118434740517,0.148103989851098
1,38.3629999160767,4605678.9519999,13292.3911035242,1,regular,1,by_practice,5,4,-4.72282555527622,0.369850884599682,0.0588934890172112
1,38.3629999160767,4605678.9519999,13292.3911035242,1,regular,1,by_practice,5,5,-4.99912628940223,0.336168258204096,0.017556170086676
1,38.3629999160767,4605678.9519999,13292.3911035242,1,regular,1,by_practice,5,8,-4.17135997296827,0.402099761901334,0.10497245241036
1,38.3629999160767,4605678.9519999,13292.3911035242,1,regular,1,by_practice,5,6,-4.75367559298555,0.35791238921696,0.0338777737125864
1,38.3629999160767,4605678.9519999,13292.3911035242,1,regular,1,by_practice,5,14,-3.7733603470658,0.447949703129135,0.301422310691073
1,38.3629999160767,4605678.9519999,13292.3911035242,1,regular,1,by_practice,5,7,-4.4198306001705,0.383245694658649,0.0648410909553727
1,38.3629999160767,4605678.9519999,13292.3911035242,1,regular,1,by_practice,5,10,-3.9160776236651,0.424465562390977,0.175387896459158
1,38.3629999160767,4605678.9519999,13292.3911035242,1,regular,1,by_practice,5,12,-3.54936073793962,0.461655706327811,0.426725857628093
1,38.3629999160767,4605678.9519999,13292.3911035242,1,regular,1,by_practice,5,9,-4.03848554932773,0.413821270354423,0.139302127756166
1,38.3629999160767,4605678.9519999,13292.3911035242,1,regular,1,by_practice,5,21+,-2.91006193559761,0.526067352608178,1
1,38.3629999160767,4605678.9519999,13292.3911035242,1,regular,1,by_practice,5,11,-3.77649461611911,0.434651482825637,0.220170208035989
1,38.3629999160767,4605678.9519999,13292.3911035242,1,regular,1,by_practice,5,17,-3.12088536995851,0.495678908543205,0.907085553459839
1,38.3629999160767,4605678.9519999,13292.3911035242,1,regular,1,by_practice,5,16,-3.33309812803465,0.479973277410218,0.632657761154204
1,38.3629999160767,4605678.9519999,13292.3911035242,1,regular,1,by_practice,5,15,-3.39746872420009,0.469455372752271,0.499933314345445
1,38.3629999160767,4605678.9519999,13292.3911035242,1,regular,1,by_practice,5,13,-3.60107635517993,0.456255548468201,0.375013217088748
1,38.3629999160767,4605678.9519999,13292.3911035242,1,regular,1,by_practice,5,19,-3.09321717122564,0.525036319841236,1
1,38.3629999160767,4605678.9519999,13292.3911035242,1,regular,1,by_practice,5,20,-3.75729025462466,0.463488525089678,0.435656873001506
1,38.3629999160767,4605678.9519999,13292.3911035242,1,regular,1,by_practice,5,18,-3.57059117440326,0.481607723483714,0.675729019601194
1,38.3629999160767,13238.1209998131,712.638782838012,2,regular,2,by_practice,5,4,-3.46282848110743,0.482264977996897,0.633233415207626
1,38.3629999160767,13238.1209998131,712.638782838012,2,regular,2,by_practice,5,5,-3.5958875648249,0.44643173270256,0.138776010556455
1,38.3629999160767,13238.1209998131,712.638782838012,2,regular,2,by_practice,5,8,-2.98766298224034,0.528932311736054,1
1,38.3629999160767,13238.1209998131,712.638782838012,2,regular,2,by_practice,5,6,-3.43248779438204,0.472581880279891,0.41252421571595
1,38.3629999160767,13238.1209998131,712.638782838012,2,regular,2,by_practice,5,14,-2.37181517839384,0.626317281353764,1
1,38.3629999160767,13238.1209998131,712.638782838012,2,regular,2,by_practice,5,7,-3.1600660385505,0.51057978583045,1
1,38.3629999160767,13238.1209998131,712.638782838012,2,regular,2,by_practice,5,10,-2.83568181076588,0.556421361594404,1
1,38.3629999160767,13238.1209998131,712.638782838012,2,regular,2,by_practice,5,12,-2.37520374111319,0.603661661467346,1
1,38.3629999160767,13238.1209998131,712.638782838012,2,regular,2,by_practice,5,9,-2.70877523525692,0.566140563201843,1
1,38.3629999160767,13238.1209998131,712.638782838012,2,regular,2,by_practice,5,21+,-1.9002807435914,0.688142170603224,1
1,38.3629999160767,13238.1209998131,712.638782838012,2,regular,2,by_practice,5,11,-2.7021971702448,0.583508516457368,1
1,38.3629999160767,13238.1209998131,712.638782838012,2,regular,2,by_practice,5,17,-2.194083359634,0.6430057171718,1
1,38.3629999160767,13238.1209998131,712.638782838012,2,regular,2,by_practice,5,16,-2.03850119914665,0.640608317044029,1
1,38.3629999160767,13238.1209998131,712.638782838012,2,regular,2,by_practice,5,15,-2.85102602072236,0.546569181532544,1
1,38.3629999160767,13238.1209998131,712.638782838012,2,regular,2,by_practice,5,13,-2.42589454858831,0.609701253287373,1
1,38.3629999160767,13238.1209998131,712.638782838012,2,regular,2,by_practice,5,19,-1.85598152734169,0.701921049955457,1
1,38.3629999160767,13238.1209998131,712.638782838012,2,regular,2,by_practice,5,18,-2.37523904310943,0.623374572351743,1
2,13371.3069999218,4605678.9519999,248161.131546157,2,regular,3,by_practice,5,4,-5.02949716211351,0.33928665245759,0.0208909534620618
2,13371.3069999218,4605678.9519999,248161.131546157,2,regular,3,by_practice,5,5,-5.12935391076922,0.33207035787986,0.0139824151494285
2,13371.3069999218,4605678.9519999,248161.131546157,2,regular,3,by_practice,5,8,-4.31296910231456,0.394622885040056,0.0782952862750345
2,13371.3069999218,4605678.9519999,248161.131546157,2,regular,3,by_practice,5,6,-4.87054942734173,0.350884117685236,0.0247212203172302
2,13371.3069999218,4605678.9519999,248161.131546157,2,regular,3,by_practice,5,14,-3.87018595325538,0.433589203037152,0.196973581852995
2,13371.3069999218,4605678.9519999,248161.131546157,2,regular,3,by_practice,5,7,-4.53441030603087,0.376987024813763,0.0490039592111849
2,13371.3069999218,4605678.9519999,248161.131546157,2,regular,3,by_practice,5,10,-4.03099168618788,0.417716918036628,0.135461285491518
2,13371.3069999218,4605678.9519999,248161.131546157,2,regular,3,by_practice,5,12,-3.76586009019319,0.436086036977654,0.208333486665634
2,13371.3069999218,4605678.9519999,248161.131546157,2,regular,3,by_practice,5,9,-4.209402809538,0.411453725855221,0.122338924042925
2,13371.3069999218,4605678.9519999,248161.131546157,2,regular,3,by_practice,5,21+,-3.02330750734043,0.504539461345222,1
2,13371.3069999218,4605678.9519999,248161.131546157,2,regular,3,by_practice,5,11,-3.89733406199539,0.428765030779625,0.179198667028812
2,13371.3069999218,4605678.9519999,248161.131546157,2,regular,3,by_practice,5,17,-3.20610349985375,0.478574723957221,0.597074372124284
2,13371.3069999218,4605678.9519999,248161.131546157,2,regular,3,by_practice,5,16,-3.55766045636726,0.455369910662888,0.332846315978091
2,13371.3069999218,4605678.9519999,248161.131546157,2,regular,3,by_practice,5,15,-3.4351173006178,0.461190078778937,0.385519871735159
2,13371.3069999218,4605678.9519999,248161.131546157,2,regular,3,by_practice,5,13,-3.77157326505443,0.440159429966694,0.238469812467527
2,13371.3069999218,4605678.9519999,248161.131546157,2,regular,3,by_practice,5,19,-3.33315535508074,0.484541668004835,0.693412628769453
2,13371.3069999218,4605678.9519999,248161.131546157,2,regular,3,by_practice,5,20,-3.75189801074653,0.456971429776689,0.356625168340436
2,13371.3069999218,4605678.9519999,248161.131546157,2,regular,3,by_practice,5,18,-3.69983920852566,0.452281959403748,0.315609896169122
1,38.3629999160767,395.178999900818,123.126974867534,5,regular,4,by_practice,5,4,-2.99042774059151,0.501819241719784,1
1,38.3629999160767,395.178999900818,123.126974867534,5,regular,4,by_practice,5,5,-2.9614002874078,0.520163797767039,1
1,38.3629999160767,395.178999900818,123.126974867534,5,regular,4,by_practice,5,8,-2.35955477667654,0.605301433858139,1
1,38.3629999160767,395.178999900818,123.126974867534,5,regular,4,by_practice,5,6,-2.97382484692304,0.519375236386067,1
1,38.3629999160767,395.178999900818,123.126974867534,5,regular,4,by_practice,5,14,-1.70042100073105,0.708464451873198,1
1,38.3629999160767,395.178999900818,123.126974867534,5,regular,4,by_practice,5,7,-2.81676655320091,0.536728464538619,1
1,38.3629999160767,395.178999900818,123.126974867534,5,regular,4,by_practice,5,10,-2.45721415166924,0.597801632644211,1
1,38.3629999160767,395.178999900818,123.126974867534,5,regular,4,by_practice,5,12,-2.06014213735899,0.65919657948568,1
1,38.3629999160767,395.178999900818,123.126974867534,5,regular,4,by_practice,5,9,-2.27065301727941,0.622472399590212,1
1,38.3629999160767,395.178999900818,123.126974867534,5,regular,4,by_practice,5,21+,-1.26064003358863,0.775251408659339,1
1,38.3629999160767,395.178999900818,123.126974867534,5,regular,4,by_practice,5,17,-1.55993431351019,0.733537778460086,1
1,38.3629999160767,395.178999900818,123.126974867534,5,regular,4,by_practice,5,15,-1.76808067858402,0.696107103772492,1
1,38.3629999160767,395.178999900818,123.126974867534,5,regular,4,by_practice,5,13,-2.03014182986866,0.658128148213484,1
1,38.3629999160767,395.178999900818,123.126974867534,5,regular,4,by_practice,5,19,-1.14719592515649,0.773366466387087,1
2,398.260999917984,4117.75299978256,1280.60158796898,5,regular,5,by_practice,5,4,-3.44863689904344,0.448472879590549,0.329415109522446
2,398.260999917984,4117.75299978256,1280.60158796898,5,regular,5,by_practice,5,5,-3.55910878579273,0.429491588853272,0.10776181990177
2,398.260999917984,4117.75299978256,1280.60158796898,5,regular,5,by_practice,5,8,-2.92776470683886,0.513430518229768,1
2,398.260999917984,4117.75299978256,1280.60158796898,5,regular,5,by_practice,5,6,-3.40383285141191,0.454304488860119,0.274223102607479
2,398.260999917984,4117.75299978256,1280.60158796898,5,regular,5,by_practice,5,14,-2.45061095250433,0.589086878660164,1
2,398.260999917984,4117.75299978256,1280.60158796898,5,regular,5,by_practice,5,7,-2.98907526742809,0.505046322610532,1
2,398.260999917984,4117.75299978256,1280.60158796898,5,regular,5,by_practice,5,10,-2.81857188710346,0.526943609226454,1
2,398.260999917984,4117.75299978256,1280.60158796898,5,regular,5,by_practice,5,12,-2.24481436983278,0.596403438042616,1
2,398.260999917984,4117.75299978256,1280.60158796898,5,regular,5,by_practice,5,9,-2.75588136402671,0.536596815107343,1
2,398.260999917984,4117.75299978256,1280.60158796898,5,regular,5,by_practice,5,21+,-1.89088763288493,0.657097627253857,1
2,398.260999917984,4117.75299978256,1280.60158796898,5,regular,5,by_practice,5,11,-2.37106493995308,0.592964571063537,1
2,398.260999917984,4117.75299978256,1280.60158796898,5,regular,5,by_practice,5,17,-2.1850436502467,0.607046119805251,1
2,398.260999917984,4117.75299978256,1280.60158796898,5,regular,5,by_practice,5,16,-2.01971754705558,0.633567531430531,1
2,398.260999917984,4117.75299978256,1280.60158796898,5,regular,5,by_practice,5,13,-2.32428180039979,0.594491666783029,1
2,398.260999917984,4117.75299978256,1280.60158796898,5,regular,5,by_practice,5,18,-1.92421714609576,0.650493549496319,1
3,4159.79800009727,42791.6510000229,13341.8373641248,5,regular,6,by_practice,5,4,-4.11190470809454,0.385693286079567,0.092189474084122
3,4159.79800009727,42791.6510000229,13341.8373641248,5,regular,6,by_practice,5,5,-4.29749545399525,0.370312944042561,0.0423451771235712
3,4159.79800009727,42791.6510000229,13341.8373641248,5,regular,6,by_practice,5,8,-3.52824420025781,0.450317672709712,0.348634341727851
3,4159.79800009727,42791.6510000229,13341.8373641248,5,regular,6,by_practice,5,6,-3.93254188631326,0.408304315636137,0.130391187678018
3,4159.79800009727,42791.6510000229,13341.8373641248,5,regular,6,by_practice,5,14,-3.46515199358126,0.455052575029877,0.362413750957492
3,4159.79800009727,42791.6510000229,13341.8373641248,5,regular,6,by_practice,5,7,-3.70374999443132,0.431629725745941,0.225123988453186
3,4159.79800009727,42791.6510000229,13341.8373641248,5,regular,6,by_practice,5,10,-3.26360823943879,0.486535519541492,0.757491530264019
3,4159.79800009727,42791.6510000229,13341.8373641248,5,regular,6,by_practice,5,12,-2.97550755942197,0.502867323726996,0.990766384199966
3,4159.79800009727,42791.6510000229,13341.8373641248,5,regular,6,by_practice,5,9,-3.22314666116239,0.480009992483112,0.669548199091872
3,4159.79800009727,42791.6510000229,13341.8373641248,5,regular,6,by_practice,5,21+,-2.33446976051742,0.574205952876765,1
3,4159.79800009727,42791.6510000229,13341.8373641248,5,regular,6,by_practice,5,11,-3.17757459106046,0.490817574020811,0.821404618780554
3,4159.79800009727,42791.6510000229,13341.8373641248,5,regular,6,by_practice,5,17,-2.55165649294763,0.544047344035527,1
3,4159.79800009727,42791.6510000229,13341.8373641248,5,regular,6,by_practice,5,16,-2.39538566111067,0.568307501510638,1
3,4159.79800009727,42791.6510000229,13341.8373641248,5,regular,6,by_practice,5,15,-3.41625811963796,0.459897335161676,0.414092138375623
3,4159.79800009727,42791.6510000229,13341.8373641248,5,regular,6,by_practice,5,13,-3.29485647793764,0.476704360955576,0.625469153517351
3,4159.79800009727,42791.6510000229,13341.8373641248,5,regular,6,by_practice,5,19,-3.18386039012035,0.486730261132847,0.767286206675101
3,4159.79800009727,42791.6510000229,13341.8373641248,5,regular,6,by_practice,5,20,-2.80581819241018,0.531559564720916,0.979367405156537
3,4159.79800009727,42791.6510000229,13341.8373641248,5,regular,6,by_practice,5,18,-2.71324194365853,0.559603166970193,1
4,42824.5380001068,441248.032000065,137463.60650681,5,regular,7,by_practice,5,4,-4.96827242637652,0.339241402726734,0.0210748364495869
4,42824.5380001068,441248.032000065,137463.60650681,5,regular,7,by_practice,5,5,-5.05556697674243,0.333429726358431,0.0130070733311041
4,42824.5380001068,441248.032000065,137463.60650681,5,regular,7,by_practice,5,8,-4.32619887529819,0.394205629395068,0.0739833468942234
4,42824.5380001068,441248.032000065,137463.60650681,5,regular,7,by_practice,5,6,-4.82975910337739,0.348087397184187,0.0233536204667067
4,42824.5380001068,441248.032000065,137463.60650681,5,regular,7,by_practice,5,14,-3.65744413338192,0.449088044757054,0.299742698995773
4,42824.5380001068,441248.032000065,137463.60650681,5,regular,7,by_practice,5,7,-4.52000799738715,0.377270271814059,0.0484452939923796
4,42824.5380001068,441248.032000065,137463.60650681,5,regular,7,by_practice,5,10,-3.99323028170919,0.41554782744381,0.132462511739306
4,42824.5380001068,441248.032000065,137463.60650681,5,regular,7,by_practice,5,12,-3.74587506071494,0.434959229728124,0.206272679797351
4,42824.5380001068,441248.032000065,137463.60650681,5,regular,7,by_practice,5,9,-4.17965323633132,0.409086446713489,0.117330090757573
4,42824.5380001068,441248.032000065,137463.60650681,5,regular,7,by_practice,5,21+,-2.9251772632616,0.510595862686375,1
4,42824.5380001068,441248.032000065,137463.60650681,5,regular,7,by_practice,5,11,-3.85719701989186,0.435353649815885,0.219663416215495
4,42824.5380001068,441248.032000065,137463.60650681,5,regular,7,by_practice,5,17,-3.31838908868294,0.468895938352258,0.47175348844036
4,42824.5380001068,441248.032000065,137463.60650681,5,regular,7,by_practice,5,16,-3.30927345123534,0.482908031468852,0.669507481127172
4,42824.5380001068,441248.032000065,137463.60650681,5,regular,7,by_practice,5,15,-3.43938513443148,0.460474356707576,0.384328711583413
4,42824.5380001068,441248.032000065,137463.60650681,5,regular,7,by_practice,5,13,-3.73801658124154,0.439974169114471,0.241192167822844
4,42824.5380001068,441248.032000065,137463.60650681,5,regular,7,by_practice,5,19,-3.37777927697679,0.478267117141154,0.597309797368717
4,42824.5380001068,441248.032000065,137463.60650681,5,regular,7,by_practice,5,20,-3.37433680905683,0.47346138810301,0.540223137437671
4,42824.5380001068,441248.032000065,137463.60650681,5,regular,7,by_practice,5,18,-3.61790131395784,0.454683505276299,0.341486237452689
5,444687.072000027,4605678.9519999,1431113.51322562,5,regular,8,by_practice,5,4,-5.77315602518982,0.303989042201513,0.00447823813346974
5,444687.072000027,4605678.9519999,1431113.51322562,5,regular,8,by_practice,5,5,-5.55760395606823,0.31955165674715,0.00666866835293741
5,444687.072000027,4605678.9519999,1431113.51322562,5,regular,8,by_practice,5,8,-4.59244286383677,0.387918701872459,0.0481805973339856
5,444687.072000027,4605678.9519999,1431113.51322562,5,regular,8,by_practice,5,6,-5.22968130782926,0.340647522790244,0.0125541868299384
5,444687.072000027,4605678.9519999,1431113.51322562,5,regular,8,by_practice,5,14,-4.34888406006589,0.406919703386027,0.0836497508012463
5,444687.072000027,4605678.9519999,1431113.51322562,5,regular,8,by_practice,5,7,-4.88532557719388,0.36644911341775,0.0266314646482676
5,444687.072000027,4605678.9519999,1431113.51322562,5,regular,8,by_practice,5,10,-4.31938016217302,0.408837944220836,0.086316721177894
5,444687.072000027,4605678.9519999,1431113.51322562,5,regular,8,by_practice,5,12,-4.16626809232841,0.414903759054509,0.0985851436388863
5,444687.072000027,4605678.9519999,1431113.51322562,5,regular,8,by_practice,5,9,-4.66684083645107,0.384406131276253,0.0446077131339778
5,444687.072000027,4605678.9519999,1431113.51322562,5,regular,8,by_practice,5,21+,-3.60442264051561,0.455034356943433,0.301430665312865
5,444687.072000027,4605678.9519999,1431113.51322562,5,regular,8,by_practice,5,11,-4.23442191121454,0.414300834953762,0.0975058949726746
5,444687.072000027,4605678.9519999,1431113.51322562,5,regular,8,by_practice,5,17,-3.19245073346511,0.485907542335922,0.684947856193749
5,444687.072000027,4605678.9519999,1431113.51322562,5,regular,8,by_practice,5,16,-4.24500132957944,0.422206849637015,0.117599392532782
5,444687.072000027,4605678.9519999,1431113.51322562,5,regular,8,by_practice,5,15,-3.48019923080228,0.471143102504735,0.46326508298481
5,444687.072000027,4605678.9519999,1431113.51322562,5,regular,8,by_practice,5,13,-3.95632943583928,0.429172653798279,0.143396272910359
5,444687.072000027,4605678.9519999,1431113.51322562,5,regular,8,by_practice,5,19,-2.90213943756516,0.517333027357091,1
5,444687.072000027,4605678.9519999,1431113.51322562,5,regular,8,by_practice,5,20,-4.54352615557163,0.394763280409236,0.0580849005368786
5,444687.072000027,4605678.9519999,1431113.51322562,5,regular,8,by_practice,5,18,-4.25739986646027,0.408795211636277,0.078649463524052
1,38.3629999160767,121.253999948502,68.2031318184755,10,regular,9,by_practice,5,4,-2.81165176119324,0.528072165691898,1
1,38.3629999160767,121.253999948502,68.2031318184755,10,regular,9,by_practice,5,5,-3.0470841779419,0.517421677943438,1
1,38.3629999160767,121.253999948502,68.2031318184755,10,regular,9,by_practice,5,8,-2.01986011940267,0.658844635185754,1
1,38.3629999160767,121.253999948502,68.2031318184755,10,regular,9,by_practice,5,6,-2.68981801103634,0.568741553184909,1
1,38.3629999160767,121.253999948502,68.2031318184755,10,regular,9,by_practice,5,14,-1.51338524302495,0.752360362208032,1
1,38.3629999160767,121.253999948502,68.2031318184755,10,regular,9,by_practice,5,7,-2.41760463110686,0.602081414203326,1
1,38.3629999160767,121.253999948502,68.2031318184755,10,regular,9,by_practice,5,10,-2.7287452053,0.563983790423527,1
1,38.3629999160767,121.253999948502,68.2031318184755,10,regular,9,by_practice,5,12,-2.29877563318092,0.660001255876121,1
1,38.3629999160767,121.253999948502,68.2031318184755,10,regular,9,by_practice,5,9,-2.16773092493094,0.637449274708357,1
1,38.3629999160767,121.253999948502,68.2031318184755,10,regular,9,by_practice,5,21+,-1.15690901748312,0.777290562634645,1
1,38.3629999160767,121.253999948502,68.2031318184755,10,regular,9,by_practice,5,17,-0.915744508354797,0.866660123052288,1
1,38.3629999160767,121.253999948502,68.2031318184755,10,regular,9,by_practice,5,15,-1.5698890613561,0.753980822031128,1
1,38.3629999160767,121.253999948502,68.2031318184755,10,regular,9,by_practice,5,13,-2.07806826367154,0.657329958920188,1
1,38.3629999160767,121.253999948502,68.2031318184755,10,regular,9,by_practice,5,19,-0.990414069228139,0.795052363625227,1
2,123.598999977112,395.178999900818,221.00617457369,10,regular,10,by_practice,5,4,-3.13390911592449,0.478976990794131,0.47618326022268
2,123.598999977112,395.178999900818,221.00617457369,10,regular,10,by_practice,5,5,-2.91679197294691,0.524390767252214,1
2,123.598999977112,395.178999900818,221.00617457369,10,regular,10,by_practice,5,8,-2.71170610308415,0.551830147478149,1
2,123.598999977112,395.178999900818,221.00617457369,10,regular,10,by_practice,5,6,-3.2444967657962,0.473428520384021,0.172377248463002
2,123.598999977112,395.178999900818,221.00617457369,10,regular,10,by_practice,5,14,-1.84105995506672,0.666999773743542,1
2,123.598999977112,395.178999900818,221.00617457369,10,regular,10,by_practice,5,7,-3.26970070990889,0.463589043058225,0.127086188970585
2,123.598999977112,395.178999900818,221.00617457369,10,regular,10,by_practice,5,10,-2.35699149678257,0.603616174324431,1
2,123.598999977112,395.178999900818,221.00617457369,10,regular,10,by_practice,5,12,-1.97669999554015,0.664542366494902,1
2,123.598999977112,395.178999900818,221.00617457369,10,regular,10,by_practice,5,9,-2.3326813990872,0.613920680497125,1
2,123.598999977112,395.178999900818,221.00617457369,10,regular,10,by_practice,5,21+,-1.30708041896258,0.755520281001766,1
2,123.598999977112,395.178999900818,221.00617457369,10,regular,10,by_practice,5,15,-1.91161506318777,0.656684194822579,1
2,123.598999977112,395.178999900818,221.00617457369,10,regular,10,by_practice,5,13,-2.00511041822352,0.656217774257485,1
2,123.598999977112,395.178999900818,221.00617457369,10,regular,10,by_practice,5,19,-1.26880281276364,0.776305178756341,1
3,398.260999917984,1281.28500008583,714.342946569851,10,regular,11,by_practice,5,4,-3.28151067623618,0.462685243006955,0.41569970272545
3,398.260999917984,1281.28500008583,714.342946569851,10,regular,11,by_practice,5,5,-3.33766472799319,0.458615794899258,0.295071114230592
3,398.260999917984,1281.28500008583,714.342946569851,10,regular,11,by_practice,5,8,-2.6129140167847,0.549784614651675,1
3,398.260999917984,1281.28500008583,714.342946569851,10,regular,11,by_practice,5,6,-3.18121533399174,0.474343581143885,0.497966512832221
3,398.260999917984,1281.28500008583,714.342946569851,10,regular,11,by_practice,5,14,-2.4303609862486,0.589999635638877,1
3,398.260999917984,1281.28500008583,714.342946569851,10,regular,11,by_practice,5,7,-2.71026314416351,0.541607684031916,1
3,398.260999917984,1281.28500008583,714.342946569851,10,regular,11,by_practice,5,10,-2.69747096645035,0.540603148549381,1
3,398.260999917984,1281.28500008583,714.342946569851,10,regular,11,by_practice,5,12,-2.22767253060586,0.604893517966507,1
3,398.260999917984,1281.28500008583,714.342946569851,10,regular,11,by_practice,5,9,-2.34371778241487,0.590930847567552,1
3,398.260999917984,1281.28500008583,714.342946569851,10,regular,11,by_practice,5,21+,-1.46146442888752,0.718453548582584,1
3,398.260999917984,1281.28500008583,714.342946569851,10,regular,11,by_practice,5,11,-2.20203612974207,0.618206467342626,1
3,398.260999917984,1281.28500008583,714.342946569851,10,regular,11,by_practice,5,17,-1.62441481826763,0.695431877252944,1
3,398.260999917984,1281.28500008583,714.342946569851,10,regular,11,by_practice,5,16,-1.91586039794306,0.644399853431785,1
3,398.260999917984,1281.28500008583,714.342946569851,10,regular,11,by_practice,5,13,-1.88007046651406,0.651668186787015,1
3,398.260999917984,1281.28500008583,714.342946569851,10,regular,11,by_practice,5,18,-1.67213653605594,0.683315681762712,1
4,1285.92199993134,4117.75299978256,2301.11042166682,10,regular,12,by_practice,5,4,-3.60507632452755,0.423124671950326,0.211304160875679
4,1285.92199993134,4117.75299978256,2301.11042166682,10,regular,12,by_practice,5,5,-3.70873363542439,0.413711411072923,0.0486069918895051
4,1285.92199993134,4117.75299978256,2301.11042166682,10,regular,12,by_practice,5,8,-3.08133829464063,0.488679176160175,0.807119293009337
4,1285.92199993134,4117.75299978256,2301.11042166682,10,regular,12,by_practice,5,6,-3.55243712995517,0.434356108816641,0.177697306599556
4,1285.92199993134,4117.75299978256,2301.11042166682,10,regular,12,by_practice,5,14,-2.47129675485925,0.584071927037253,1
4,1285.92199993134,4117.75299978256,2301.11042166682,10,regular,12,by_practice,5,7,-3.16513035879713,0.480884839222479,0.654958211924857
4,1285.92199993134,4117.75299978256,2301.11042166682,10,regular,12,by_practice,5,10,-2.88299789856665,0.513093690772247,1
4,1285.92199993134,4117.75299978256,2301.11042166682,10,regular,12,by_practice,5,12,-2.25200760707525,0.590317869989985,1
4,1285.92199993134,4117.75299978256,2301.11042166682,10,regular,12,by_practice,5,9,-3.08376557681737,0.491839456103735,0.835389698461587
4,1285.92199993134,4117.75299978256,2301.11042166682,10,regular,12,by_practice,5,21+,-2.29785775107623,0.591626712667153,1
4,1285.92199993134,4117.75299978256,2301.11042166682,10,regular,12,by_practice,5,11,-2.47183679533287,0.560311935562337,1
4,1285.92199993134,4117.75299978256,2301.11042166682,10,regular,12,by_practice,5,16,-2.07017488641877,0.608518451902195,1
4,1285.92199993134,4117.75299978256,2301.11042166682,10,regular,12,by_practice,5,13,-2.66926468261949,0.554259208148879,1
4,1285.92199993134,4117.75299978256,2301.11042166682,10,regular,12,by_practice,5,18,-2.10950183135854,0.612246002530047,1
5,4159.79800009727,13238.1209998131,7420.77551608107,10,regular,13,by_practice,5,4,-3.93134465488696,0.395295351522665,0.116716300834087
5,4159.79800009727,13238.1209998131,7420.77551608107,10,regular,13,by_practice,5,5,-3.99183543184356,0.389337900743581,0.0754007360349659
5,4159.79800009727,13238.1209998131,7420.77551608107,10,regular,13,by_practice,5,8,-3.42803115228057,0.452398593588062,0.364717522697798
5,4159.79800009727,13238.1209998131,7420.77551608107,10,regular,13,by_practice,5,6,-3.60749435579718,0.43257162073868,0.232654066060401
5,4159.79800009727,13238.1209998131,7420.77551608107,10,regular,13,by_practice,5,14,-2.8593645217357,0.518326424754939,1
5,4159.79800009727,13238.1209998131,7420.77551608107,10,regular,13,by_practice,5,7,-3.46939410376138,0.445384184101061,0.326207559468097
5,4159.79800009727,13238.1209998131,7420.77551608107,10,regular,13,by_practice,5,10,-2.98766944062367,0.497827974450582,0.958622901675025
5,4159.79800009727,13238.1209998131,7420.77551608107,10,regular,13,by_practice,5,12,-2.87273531414608,0.52234673273632,1
5,4159.79800009727,13238.1209998131,7420.77551608107,10,regular,13,by_practice,5,9,-2.91967927907914,0.507743477985382,1
5,4159.79800009727,13238.1209998131,7420.77551608107,10,regular,13,by_practice,5,21+,-2.23765373776707,0.582417116883212,1
5,4159.79800009727,13238.1209998131,7420.77551608107,10,regular,13,by_practice,5,11,-2.90818865505222,0.510383670367346,1
5,4159.79800009727,13238.1209998131,7420.77551608107,10,regular,13,by_practice,5,17,-2.52920292045363,0.558114313502547,1
5,4159.79800009727,13238.1209998131,7420.77551608107,10,regular,13,by_practice,5,16,-1.97839498702272,0.605178007915973,1
5,4159.79800009727,13238.1209998131,7420.77551608107,10,regular,13,by_practice,5,13,-2.80842237304311,0.525994745133582,1
5,4159.79800009727,13238.1209998131,7420.77551608107,10,regular,13,by_practice,5,19,-2.19067321932198,0.596283668411889,1
6,13371.3069999218,42791.6510000229,23920.2906034776,10,regular,14,by_practice,5,4,-4.2394482501993,0.381734508951024,0.0807777123818237
6,13371.3069999218,42791.6510000229,23920.2906034776,10,regular,14,by_practice,5,5,-4.45884920590761,0.359526561372911,0.0294001466528867
6,13371.3069999218,42791.6510000229,23920.2906034776,10,regular,14,by_practice,5,8,-3.57855410389021,0.447626984387635,0.326336794220472
6,13371.3069999218,42791.6510000229,23920.2906034776,10,regular,14,by_practice,5,6,-4.1445199530075,0.390423846999578,0.0783042288292984
6,13371.3069999218,42791.6510000229,23920.2906034776,10,regular,14,by_practice,5,14,-3.75114625094776,0.430313629273291,0.207683368343281
6,13371.3069999218,42791.6510000229,23920.2906034776,10,regular,14,by_practice,5,7,-3.83069981982598,0.421343290646853,0.179565795818231
6,13371.3069999218,42791.6510000229,23920.2906034776,10,regular,14,by_practice,5,10,-3.57566045319507,0.444250452021877,0.308290932921717
6,13371.3069999218,42791.6510000229,23920.2906034776,10,regular,14,by_practice,5,12,-3.0332243402741,0.502414930205141,1
6,13371.3069999218,42791.6510000229,23920.2906034776,10,regular,14,by_practice,5,9,-3.43423703404019,0.461683241566688,0.451761052533531
6,13371.3069999218,42791.6510000229,23920.2906034776,10,regular,14,by_practice,5,21+,-2.38547163831955,0.56210768284705,1
6,13371.3069999218,42791.6510000229,23920.2906034776,10,regular,14,by_practice,5,11,-3.41326159639268,0.459253956087427,0.430696365088899
6,13371.3069999218,42791.6510000229,23920.2906034776,10,regular,14,by_practice,5,17,-2.55919478492201,0.5537702052008,1
6,13371.3069999218,42791.6510000229,23920.2906034776,10,regular,14,by_practice,5,15,-3.31419895084462,0.474679584405664,0.577723597781314
6,13371.3069999218,42791.6510000229,23920.2906034776,10,regular,14,by_practice,5,13,-3.66394563112876,0.438354951216543,0.230197217471629
6,13371.3069999218,42791.6510000229,23920.2906034776,10,regular,14,by_practice,5,20,-2.66380681899242,0.527233684055524,1
7,42824.5380001068,137553.312999964,76750.6161513218,10,regular,15,by_practice,5,4,-4.91865803607976,0.328897971582102,0.0174255082991293
7,42824.5380001068,137553.312999964,76750.6161513218,10,regular,15,by_practice,5,5,-4.9305107703184,0.328757462507923,0.0140621347660622
7,42824.5380001068,137553.312999964,76750.6161513218,10,regular,15,by_practice,5,8,-4.22379230430375,0.390357080942758,0.0782514785955838
7,42824.5380001068,137553.312999964,76750.6161513218,10,regular,15,by_practice,5,6,-4.68592010245049,0.349412475660168,0.0267565810029402
7,42824.5380001068,137553.312999964,76750.6161513218,10,regular,15,by_practice,5,14,-3.64253114940593,0.441410278136766,0.261423794562559
7,42824.5380001068,137553.312999964,76750.6161513218,10,regular,15,by_practice,5,7,-4.39590065088142,0.375748777592707,0.0536459781402419
7,42824.5380001068,137553.312999964,76750.6161513218,10,regular,15,by_practice,5,10,-3.91745306515505,0.417121321704583,0.147381151114825
7,42824.5380001068,137553.312999964,76750.6161513218,10,regular,15,by_practice,5,12,-3.86403792037284,0.420947027155297,0.160750348061962
7,42824.5380001068,137553.312999964,76750.6161513218,10,regular,15,by_practice,5,9,-4.16107625502504,0.396204328885835,0.0913374692954463
7,42824.5380001068,137553.312999964,76750.6161513218,10,regular,15,by_practice,5,21+,-2.85808412192447,0.507376190282173,1
7,42824.5380001068,137553.312999964,76750.6161513218,10,regular,15,by_practice,5,11,-3.84710674866686,0.422709055285644,0.166534677167678
7,42824.5380001068,137553.312999964,76750.6161513218,10,regular,15,by_practice,5,17,-3.06073569664441,0.497677067843857,0.94916665031139
7,42824.5380001068,137553.312999964,76750.6161513218,10,regular,15,by_practice,5,16,-3.27432290503677,0.476862921307583,0.59117173860896
7,42824.5380001068,137553.312999964,76750.6161513218,10,regular,15,by_practice,5,15,-3.30979311643477,0.469268861722644,0.495994871932782
7,42824.5380001068,137553.312999964,76750.6161513218,10,regular,15,by_practice,5,13,-3.73120082723945,0.434638310059231,0.222633701117902
7,42824.5380001068,137553.312999964,76750.6161513218,10,regular,15,by_practice,5,19,-3.77156117881347,0.429213939320185,0.194648569093246
7,42824.5380001068,137553.312999964,76750.6161513218,10,regular,15,by_practice,5,20,-3.19765697603506,0.483927863662464,0.694064345837818
7,42824.5380001068,137553.312999964,76750.6161513218,10,regular,15,by_practice,5,18,-3.83276630949714,0.424787819845417,0.173202553000165
8,138609.907999992,441248.032000065,247308.206739499,10,regular,16,by_practice,5,4,-5.03152496545064,0.336263822134888,0.0161345560929313
8,138609.907999992,441248.032000065,247308.206739499,10,regular,16,by_practice,5,5,-5.15592053166345,0.327840538946407,0.0110015012686535
8,138609.907999992,441248.032000065,247308.206739499,10,regular,16,by_practice,5,8,-4.40839690925089,0.385931828405705,0.0562659685542379
8,138609.907999992,441248.032000065,247308.206739499,10,regular,16,by_practice,5,6,-4.92736202687793,0.344433468411049,0.0187382018017081
8,138609.907999992,441248.032000065,247308.206739499,10,regular,16,by_practice,5,14,-3.66835848009551,0.446266994696695,0.260740380315778
8,138609.907999992,441248.032000065,247308.206739499,10,regular,16,by_practice,5,7,-4.61391116527123,0.369520875713511,0.0366956672902021
8,138609.907999992,441248.032000065,247308.206739499,10,regular,16,by_practice,5,10,-4.05109391567016,0.414349825614805,0.116719826370948
8,138609.907999992,441248.032000065,247308.206739499,10,regular,16,by_practice,5,12,-3.67224459283656,0.44555528050456,0.254347746102359
8,138609.907999992,441248.032000065,247308.206739499,10,regular,16,by_practice,5,9,-4.1975695001037,0.402551835973776,0.0876265076485868
8,138609.907999992,441248.032000065,247308.206739499,10,regular,16,by_practice,5,21+,-2.97419249757953,0.498939859850498,0.97340217071244
8,138609.907999992,441248.032000065,247308.206739499,10,regular,16,by_practice,5,11,-3.86595235733178,0.428423208105524,0.166195509572283
8,138609.907999992,441248.032000065,247308.206739499,10,regular,16,by_practice,5,17,-3.51443547470384,0.455329660957641,0.325682700555792
8,138609.907999992,441248.032000065,247308.206739499,10,regular,16,by_practice,5,16,-3.34784107656878,0.470508775485373,0.474512458643677
8,138609.907999992,441248.032000065,247308.206739499,10,regular,16,by_practice,5,15,-3.51716922204648,0.457210529160592,0.3411990083937
8,138609.907999992,441248.032000065,247308.206739499,10,regular,16,by_practice,5,13,-3.74338136496388,0.442364259414029,0.241431322130968
8,138609.907999992,441248.032000065,247308.206739499,10,regular,16,by_practice,5,19,-3.13566468826381,0.488348188454556,0.746117990018275
8,138609.907999992,441248.032000065,247308.206739499,10,regular,16,by_practice,5,20,-3.6064583424233,0.457529086353894,0.348730555401601
8,138609.907999992,441248.032000065,247308.206739499,10,regular,16,by_practice,5,18,-3.48519829318936,0.459388175601184,0.361060435854816
9,444687.072000027,1410000.22900009,791838.91881709,10,regular,17,by_practice,5,4,-5.63243755128636,0.306652689759923,0.00511137403627306
9,444687.072000027,1410000.22900009,791838.91881709,10,regular,17,by_practice,5,5,-5.46487291310203,0.31929785207949,0.00682962775635264
9,444687.072000027,1410000.22900009,791838.91881709,10,regular,17,by_practice,5,8,-4.56810607012644,0.385683310136049,0.0469049567663773
9,444687.072000027,1410000.22900009,791838.91881709,10,regular,17,by_practice,5,6,-5.17592473127638,0.340078670390587,0.0128081268331028
9,444687.072000027,1410000.22900009,791838.91881709,10,regular,17,by_practice,5,14,-4.27978361298709,0.406324346215838,0.0817734256414471
9,444687.072000027,1410000.22900009,791838.91881709,10,regular,17,by_practice,5,7,-4.88403470977851,0.362069609243075,0.0237910362299995
9,444687.072000027,1410000.22900009,791838.91881709,10,regular,17,by_practice,5,10,-4.24287768542421,0.409397512750145,0.0885664929552917
9,444687.072000027,1410000.22900009,791838.91881709,10,regular,17,by_practice,5,12,-4.16750324477835,0.414897660289193,0.100181254607367
9,444687.072000027,1410000.22900009,791838.91881709,10,regular,17,by_practice,5,9,-4.59216598373512,0.384196804779094,0.0447016605818454
9,444687.072000027,1410000.22900009,791838.91881709,10,regular,17,by_practice,5,21+,-3.51916435453317,0.454016884070207,0.284386676517425
9,444687.072000027,1410000.22900009,791838.91881709,10,regular,17,by_practice,5,11,-4.13420995627486,0.415957689759409,0.104813273926052
9,444687.072000027,1410000.22900009,791838.91881709,10,regular,17,by_practice,5,17,-2.81377649596904,0.514648783580423,1
9,444687.072000027,1410000.22900009,791838.91881709,10,regular,17,by_practice,5,16,-4.33289502431287,0.402816913808238,0.0745233797679984
9,444687.072000027,1410000.22900009,791838.91881709,10,regular,17,by_practice,5,15,-3.54224145738273,0.459551699244991,0.340410438688086
9,444687.072000027,1410000.22900009,791838.91881709,10,regular,17,by_practice,5,13,-4.00082178310883,0.42547318258793,0.13204908292758
9,444687.072000027,1410000.22900009,791838.91881709,10,regular,17,by_practice,5,19,-2.92431812003057,0.510519340231223,1
9,444687.072000027,1410000.22900009,791838.91881709,10,regular,17,by_practice,5,20,-4.78784369309892,0.369037361634468,0.0287396981176561
9,444687.072000027,1410000.22900009,791838.91881709,10,regular,17,by_practice,5,18,-3.74736859276078,0.442944867506951,0.210208166350959
10,1458368.50699997,4605678.9519999,2591674.58160728,10,regular,18,by_practice,5,4,-6.13614006352719,0.284896133116091,0.00156438827704267
10,1458368.50699997,4605678.9519999,2591674.58160728,10,regular,18,by_practice,5,5,-5.90845349282447,0.300392384592697,0.00246577438407762
10,1458368.50699997,4605678.9519999,2591674.58160728,10,regular,18,by_practice,5,8,-4.75529009822047,0.379323960073515,0.028697956321875
10,1458368.50699997,4605678.9519999,2591674.58160728,10,regular,18,by_practice,5,6,-5.55286855819459,0.325926206882175,0.00546393362945533
10,1458368.50699997,4605678.9519999,2591674.58160728,10,regular,18,by_practice,5,14,-4.8659007319015,0.373936760799039,0.0232622268526974
10,1458368.50699997,4605678.9519999,2591674.58160728,10,regular,18,by_practice,5,7,-4.89554323253247,0.367492506582036,0.0195230815492444
10,1458368.50699997,4605678.9519999,2591674.58160728,10,regular,18,by_practice,5,10,-4.71401127708924,0.378282021331761,0.0264758702074302
10,1458368.50699997,4605678.9519999,2591674.58160728,10,regular,18,by_practice,5,12,-4.15270400092188,0.419759738278286,0.0972317141950506
10,1458368.50699997,4605678.9519999,2591674.58160728,10,regular,18,by_practice,5,9,-5.06384074239821,0.353153612579036,0.0124832002965329
10,1458368.50699997,4605678.9519999,2591674.58160728,10,regular,18,by_practice,5,21+,-3.98573428850369,0.434505298716401,0.14852848041793
10,1458368.50699997,4605678.9519999,2591674.58160728,10,regular,18,by_practice,5,11,-4.70658150696458,0.379096846893877,0.0270914368627096
10,1458368.50699997,4605678.9519999,2591674.58160728,10,regular,18,by_practice,5,16,-4.13039234417581,0.419249774534069,0.0893945202263766
1,38.3629999160767,68.6730000972748,51.3274029828949,20,regular,19,by_practice,5,4,-2.86698594729237,0.518853005966716,1
1,38.3629999160767,68.6730000972748,51.3274029828949,20,regular,19,by_practice,5,5,-3.51796939099629,0.451113125740824,3.94430452610506e-31
1,38.3629999160767,68.6730000972748,51.3274029828949,20,regular,19,by_practice,5,8,-2.04958833714755,0.640274885641524,1
1,38.3629999160767,68.6730000972748,51.3274029828949,20,regular,19,by_practice,5,6,-2.6218590293652,0.606425858490034,1
1,38.3629999160767,68.6730000972748,51.3274029828949,20,regular,19,by_practice,5,7,-2.15829718982433,0.644466407531703,1
2,68.949000120163,121.253999948502,91.4349061191595,20,regular,20,by_practice,5,4,-2.80382516535917,0.530136290571323,1
2,68.949000120163,121.253999948502,91.4349061191595,20,regular,20,by_practice,5,5,-2.95611161895225,0.529410183709462,1
2,68.949000120163,121.253999948502,91.4349061191595,20,regular,20,by_practice,5,8,-2.01253305615292,0.664445887687367,1
2,68.949000120163,121.253999948502,91.4349061191595,20,regular,20,by_practice,5,6,-2.70753052178036,0.561858564501757,1
2,68.949000120163,121.253999948502,91.4349061191595,20,regular,20,by_practice,5,7,-2.52704247171262,0.583482720894745,1
2,68.949000120163,121.253999948502,91.4349061191595,20,regular,20,by_practice,5,10,-2.58919961863844,0.595664497581929,1
2,68.949000120163,121.253999948502,91.4349061191595,20,regular,20,by_practice,5,12,-2.13115967710977,0.675224213817789,1
2,68.949000120163,121.253999948502,91.4349061191595,20,regular,20,by_practice,5,9,-2.01885484162186,0.656078800550173,1
2,68.949000120163,121.253999948502,91.4349061191595,20,regular,20,by_practice,5,21+,-1.04154788535447,0.807532566125542,1
2,68.949000120163,121.253999948502,91.4349061191595,20,regular,20,by_practice,5,17,-0.915744508354797,0.866660123052288,1
2,68.949000120163,121.253999948502,91.4349061191595,20,regular,20,by_practice,5,13,-1.78813739980559,0.692577560960574,1
2,68.949000120163,121.253999948502,91.4349061191595,20,regular,20,by_practice,5,19,-0.990414069228139,0.795052363625227,1
3,123.598999977112,220.978999853134,165.265796212615,20,regular,21,by_practice,5,4,-3.11572137224197,0.480176610672536,0.40966319019553
3,123.598999977112,220.978999853134,165.265796212615,20,regular,21,by_practice,5,5,-2.78919712266429,0.555299687840736,1
3,123.598999977112,220.978999853134,165.265796212615,20,regular,21,by_practice,5,8,-3.02281506069774,0.507929668197787,1
3,123.598999977112,220.978999853134,165.265796212615,20,regular,21,by_practice,5,6,-3.0097310553713,0.520355082718913,1
3,123.598999977112,220.978999853134,165.265796212615,20,regular,21,by_practice,5,7,-3.36526252349668,0.457721918440151,3.94430452610506e-31
3,123.598999977112,220.978999853134,165.265796212615,20,regular,21,by_practice,5,10,-2.35525960255689,0.606298602089831,1
3,123.598999977112,220.978999853134,165.265796212615,20,regular,21,by_practice,5,12,-1.66272254014522,0.722887266988796,1
3,123.598999977112,220.978999853134,165.265796212615,20,regular,21,by_practice,5,9,-2.43159748237502,0.60719789977485,1
3,123.598999977112,220.978999853134,165.265796212615,20,regular,21,by_practice,5,21+,-0.856004407095788,0.829524377921903,1
3,123.598999977112,220.978999853134,165.265796212615,20,regular,21,by_practice,5,15,-1.51712270649655,0.703476907434889,1
3,123.598999977112,220.978999853134,165.265796212615,20,regular,21,by_practice,5,13,-1.94809518986964,0.676881470903856,1
4,224.68799996376,395.178999900818,297.979830047931,20,regular,22,by_practice,5,4,-3.15058204834544,0.476859219959604,0.528499225122782
4,224.68799996376,395.178999900818,297.979830047931,20,regular,22,by_practice,5,5,-3.0187348404721,0.509981603771748,1
4,224.68799996376,395.178999900818,297.979830047931,20,regular,22,by_practice,5,8,-2.58861848093899,0.568207751561326,1
4,224.68799996376,395.178999900818,297.979830047931,20,regular,22,by_practice,5,6,-3.48900939116529,0.435473443830638,3.94430452610506e-31
4,224.68799996376,395.178999900818,297.979830047931,20,regular,22,by_practice,5,14,-1.71040388253758,0.688318279814958,1
4,224.68799996376,395.178999900818,297.979830047931,20,regular,22,by_practice,5,7,-3.2141619168612,0.469390516532567,0.24741901959979
4,224.68799996376,395.178999900818,297.979830047931,20,regular,22,by_practice,5,10,-2.35758020446552,0.606428589458525,1
4,224.68799996376,395.178999900818,297.979830047931,20,regular,22,by_practice,5,12,-2.40789702024801,0.591802610400572,1
4,224.68799996376,395.178999900818,297.979830047931,20,regular,22,by_practice,5,9,-2.28594684125621,0.623984904814645,1
4,224.68799996376,395.178999900818,297.979830047931,20,regular,22,by_practice,5,13,-2.05656753690544,0.642344092807975,1
4,224.68799996376,395.178999900818,297.979830047931,20,regular,22,by_practice,5,19,-0.800430932022621,0.822030251651075,1
5,398.260999917984,713.151999950409,532.935857860737,20,regular,23,by_practice,5,4,-3.37632183871737,0.445634519946527,0.175883506062442
5,398.260999917984,713.151999950409,532.935857860737,20,regular,23,by_practice,5,5,-3.20075722251711,0.481351458964663,0.626059011992464
5,398.260999917984,713.151999950409,532.935857860737,20,regular,23,by_practice,5,8,-2.06248766936167,0.644316766196661,1
5,398.260999917984,713.151999950409,532.935857860737,20,regular,23,by_practice,5,6,-3.20986452611577,0.475363036740347,0.458724818916336
5,398.260999917984,713.151999950409,532.935857860737,20,regular,23,by_practice,5,7,-2.62520940712393,0.561007985702668,1
5,398.260999917984,713.151999950409,532.935857860737,20,regular,23,by_practice,5,10,-2.58261828433716,0.552600229743508,1
5,398.260999917984,713.151999950409,532.935857860737,20,regular,23,by_practice,5,9,-2.08605669932688,0.63500601665168,1
5,398.260999917984,713.151999950409,532.935857860737,20,regular,23,by_practice,5,21+,-1.54616185586372,0.716749368009731,1
5,398.260999917984,713.151999950409,532.935857860737,20,regular,23,by_practice,5,11,-2.63143290412393,0.554832935517068,1
5,398.260999917984,713.151999950409,532.935857860737,20,regular,23,by_practice,5,16,-1.28396985797662,0.718340232562523,1
5,398.260999917984,713.151999950409,532.935857860737,20,regular,23,by_practice,5,13,-2.02208455840351,0.644418095963917,1
6,719.106000185013,1281.28500008583,959.885269971769,20,regular,24,by_practice,5,4,-3.2204786974572,0.468678200494094,0.540059395427858
6,719.106000185013,1281.28500008583,959.885269971769,20,regular,24,by_practice,5,5,-3.43839635645281,0.44507100968745,0.164979110824425
6,719.106000185013,1281.28500008583,959.885269971769,20,regular,24,by_practice,5,8,-3.23431802140721,0.4670037848617,0.442259069685087
6,719.106000185013,1281.28500008583,959.885269971769,20,regular,24,by_practice,5,6,-3.16450045394982,0.477742560986375,0.577838562960707
6,719.106000185013,1281.28500008583,959.885269971769,20,regular,24,by_practice,5,14,-2.0316914300916,0.654022999652324,1
6,719.106000185013,1281.28500008583,959.885269971769,20,regular,24,by_practice,5,7,-2.76194767073404,0.532751604435372,1
6,719.106000185013,1281.28500008583,959.885269971769,20,regular,24,by_practice,5,10,-2.747516732244,0.536409534430614,1
6,719.106000185013,1281.28500008583,959.885269971769,20,regular,24,by_practice,5,12,-1.99450063780443,0.63636879549605,1
6,719.106000185013,1281.28500008583,959.885269971769,20,regular,24,by_practice,5,9,-2.79888192545442,0.529017610481283,1
6,719.106000185013,1281.28500008583,959.885269971769,20,regular,24,by_practice,5,21+,-1.35824443276575,0.728456230794406,1
6,719.106000185013,1281.28500008583,959.885269971769,20,regular,24,by_practice,5,11,-1.8822821607219,0.649893357596247,1
6,719.106000185013,1281.28500008583,959.885269971769,20,regular,24,by_practice,5,13,-1.787383716586,0.667674251739657,1
7,1285.92199993134,2299.80999994278,1719.70237965426,20,regular,25,by_practice,5,4,-3.37227961788831,0.45237187446066,0.392905382987135
7,1285.92199993134,2299.80999994278,1719.70237965426,20,regular,25,by_practice,5,5,-3.48815267849516,0.43790637734324,0.16152187408542
7,1285.92199993134,2299.80999994278,1719.70237965426,20,regular,25,by_practice,5,8,-2.90735158173213,0.513321706696381,1
7,1285.92199993134,2299.80999994278,1719.70237965426,20,regular,25,by_practice,5,6,-3.44023584793912,0.443378362561562,0.242891679135015
7,1285.92199993134,2299.80999994278,1719.70237965426,20,regular,25,by_practice,5,7,-2.991871743158,0.50012724836693,1
7,1285.92199993134,2299.80999994278,1719.70237965426,20,regular,25,by_practice,5,10,-2.94587177357714,0.509808342922864,1
7,1285.92199993134,2299.80999994278,1719.70237965426,20,regular,25,by_practice,5,12,-2.14842298305767,0.606213627365403,1
7,1285.92199993134,2299.80999994278,1719.70237965426,20,regular,25,by_practice,5,9,-2.82489451808188,0.521663116617183,1
7,1285.92199993134,2299.80999994278,1719.70237965426,20,regular,25,by_practice,5,11,-2.86475319303657,0.5219617824199,1
7,1285.92199993134,2299.80999994278,1719.70237965426,20,regular,25,by_practice,5,16,-1.75485931155769,0.666075414808038,1
8,2304.1139998436,4117.75299978256,3080.22277355015,20,regular,26,by_practice,5,4,-3.7893252091263,0.404193116690032,0.142446934007554
8,2304.1139998436,4117.75299978256,3080.22277355015,20,regular,26,by_practice,5,5,-3.92731685919378,0.386806502009639,3.94430452610506e-31
8,2304.1139998436,4117.75299978256,3080.22277355015,20,regular,26,by_practice,5,8,-3.19909816255488,0.474667270211425,0.593737706783253
8,2304.1139998436,4117.75299978256,3080.22277355015,20,regular,26,by_practice,5,6,-3.657010912633,0.419875781594299,0.131959430577403
8,2304.1139998436,4117.75299978256,3080.22277355015,20,regular,26,by_practice,5,14,-1.97233093206263,0.623392542705004,1
8,2304.1139998436,4117.75299978256,3080.22277355015,20,regular,26,by_practice,5,7,-3.34808427292422,0.457539351804335,0.398758879866202
8,2304.1139998436,4117.75299978256,3080.22277355015,20,regular,26,by_practice,5,10,-2.83404968890472,0.517522650850311,1
8,2304.1139998436,4117.75299978256,3080.22277355015,20,regular,26,by_practice,5,12,-2.34627404163069,0.578168733622749,1
8,2304.1139998436,4117.75299978256,3080.22277355015,20,regular,26,by_practice,5,9,-3.38941770718204,0.45201912936233,0.376236750080147
8,2304.1139998436,4117.75299978256,3080.22277355015,20,regular,26,by_practice,5,21+,-2.17734264642448,0.594085642570506,1
8,2304.1139998436,4117.75299978256,3080.22277355015,20,regular,26,by_practice,5,11,-2.3250617454731,0.580028628355645,1
8,2304.1139998436,4117.75299978256,3080.22277355015,20,regular,26,by_practice,5,16,-2.27749395025385,0.585163685982995,1
8,2304.1139998436,4117.75299978256,3080.22277355015,20,regular,26,by_practice,5,13,-2.36548174841768,0.572631693559266,1
8,2304.1139998436,4117.75299978256,3080.22277355015,20,regular,26,by_practice,5,18,-1.96956031598675,0.624260083868394,1
9,4159.79800009727,7391.78800010681,5545.11901946093,20,regular,27,by_practice,5,4,-3.94158615822556,0.391933183209079,0.108209202299548
9,4159.79800009727,7391.78800010681,5545.11901946093,20,regular,27,by_practice,5,5,-3.89058277375104,0.398073918446247,0.0959254155649882
9,4159.79800009727,7391.78800010681,5545.11901946093,20,regular,27,by_practice,5,8,-3.47936809452323,0.446916381478549,0.327104622029539
9,4159.79800009727,7391.78800010681,5545.11901946093,20,regular,27,by_practice,5,6,-3.44132313224799,0.4515411686392,0.354710504498037
9,4159.79800009727,7391.78800010681,5545.11901946093,20,regular,27,by_practice,5,7,-3.47301863964856,0.444593078302111,0.334285689488912
9,4159.79800009727,7391.78800010681,5545.11901946093,20,regular,27,by_practice,5,10,-2.71947471960094,0.530886033071367,1
9,4159.79800009727,7391.78800010681,5545.11901946093,20,regular,27,by_practice,5,12,-2.55237981489618,0.553430199121936,1
9,4159.79800009727,7391.78800010681,5545.11901946093,20,regular,27,by_practice,5,9,-2.73017666860098,0.532637062024014,1
9,4159.79800009727,7391.78800010681,5545.11901946093,20,regular,27,by_practice,5,21+,-2.15070966541565,0.595534774573557,1
9,4159.79800009727,7391.78800010681,5545.11901946093,20,regular,27,by_practice,5,11,-2.50972589875573,0.55958402435713,1
9,4159.79800009727,7391.78800010681,5545.11901946093,20,regular,27,by_practice,5,17,-2.38327733359217,0.573251549060004,1
9,4159.79800009727,7391.78800010681,5545.11901946093,20,regular,27,by_practice,5,13,-2.94588163352228,0.507845077296698,1
10,7453.84100008011,13238.1209998131,9933.52148396672,20,regular,28,by_practice,5,4,-3.92399662616055,0.400553518882043,0.132898902519632
10,7453.84100008011,13238.1209998131,9933.52148396672,20,regular,28,by_practice,5,5,-4.06384376046643,0.385516359026449,0.0729984463359385
10,7453.84100008011,13238.1209998131,9933.52148396672,20,regular,28,by_practice,5,8,-3.40126143888974,0.456259016260349,0.410024396602393
10,7453.84100008011,13238.1209998131,9933.52148396672,20,regular,28,by_practice,5,6,-3.76044659782397,0.418860321180622,0.162039936454576
10,7453.84100008011,13238.1209998131,9933.52148396672,20,regular,28,by_practice,5,14,-2.63996210499678,0.536422541687314,1
10,7453.84100008011,13238.1209998131,9933.52148396672,20,regular,28,by_practice,5,7,-3.46762087043099,0.450065806335966,0.361272748356419
10,7453.84100008011,13238.1209998131,9933.52148396672,20,regular,28,by_practice,5,10,-3.10480290351986,0.488466109879041,0.794547400986575
10,7453.84100008011,13238.1209998131,9933.52148396672,20,regular,28,by_practice,5,12,-3.34557502717811,0.46520635350843,0.475769928288267
10,7453.84100008011,13238.1209998131,9933.52148396672,20,regular,28,by_practice,5,9,-3.0750349144042,0.494138832207534,0.89215477409557
10,7453.84100008011,13238.1209998131,9933.52148396672,20,regular,28,by_practice,5,21+,-2.27846189275683,0.576042700063448,1
10,7453.84100008011,13238.1209998131,9933.52148396672,20,regular,28,by_practice,5,11,-3.37458391256316,0.459470253205766,0.40998643512678
10,7453.84100008011,13238.1209998131,9933.52148396672,20,regular,28,by_practice,5,16,-1.7195273028552,0.636680004351421,1
10,7453.84100008011,13238.1209998131,9933.52148396672,20,regular,28,by_practice,5,13,-2.71153579460118,0.532694040251197,1
11,13371.3069999218,23490.6749999523,17722.8955608205,20,regular,29,by_practice,5,4,-4.04645444585352,0.392382638116162,0.106658521787502
11,13371.3069999218,23490.6749999523,17722.8955608205,20,regular,29,by_practice,5,5,-4.19698994808241,0.377825323123671,0.0611149694811887
11,13371.3069999218,23490.6749999523,17722.8955608205,20,regular,29,by_practice,5,8,-3.31331213107517,0.468008302898146,0.521942320693482
11,13371.3069999218,23490.6749999523,17722.8955608205,20,regular,29,by_practice,5,6,-3.92017474342349,0.406254590529465,0.128267375009946
11,13371.3069999218,23490.6749999523,17722.8955608205,20,regular,29,by_practice,5,14,-3.26419787289759,0.475274684458301,0.565771011750184
11,13371.3069999218,23490.6749999523,17722.8955608205,20,regular,29,by_practice,5,7,-3.69693739015744,0.429545531103834,0.219736322469169
11,13371.3069999218,23490.6749999523,17722.8955608205,20,regular,29,by_practice,5,10,-3.69278838706615,0.430063977276108,0.212521361434578
11,13371.3069999218,23490.6749999523,17722.8955608205,20,regular,29,by_practice,5,12,-3.3233318846768,0.464939085000522,0.486235443133534
11,13371.3069999218,23490.6749999523,17722.8955608205,20,regular,29,by_practice,5,9,-3.2063797178898,0.48032736085249,0.667003707956767
11,13371.3069999218,23490.6749999523,17722.8955608205,20,regular,29,by_practice,5,21+,-2.27537491011538,0.572648717177693,1
11,13371.3069999218,23490.6749999523,17722.8955608205,20,regular,29,by_practice,5,11,-3.22157026371367,0.479520353624263,0.652616502041428
11,13371.3069999218,23490.6749999523,17722.8955608205,20,regular,29,by_practice,5,17,-2.93767438476192,0.504886660653092,1
11,13371.3069999218,23490.6749999523,17722.8955608205,20,regular,29,by_practice,5,15,-3.31867679379404,0.466385653804853,0.494268845464434
11,13371.3069999218,23490.6749999523,17722.8955608205,20,regular,29,by_practice,5,13,-3.12009754104805,0.49149035364046,0.837723146313379
12,24164.364000082,42791.6510000229,32156.38398404,20,regular,30,by_practice,5,4,-4.51820362833283,0.35483770327866,0.0389539000564973
12,24164.364000082,42791.6510000229,32156.38398404,20,regular,30,by_practice,5,5,-4.76222998060257,0.330937758028248,0.0151686416648884
12,24164.364000082,42791.6510000229,32156.38398404,20,regular,30,by_practice,5,8,-3.93603183730863,0.409994287298644,0.141469262542365
12,24164.364000082,42791.6510000229,32156.38398404,20,regular,30,by_practice,5,6,-4.40763726275011,0.365146680850647,0.0448898368615164
12,24164.364000082,42791.6510000229,32156.38398404,20,regular,30,by_practice,5,7,-4.01678365776903,0.400463546659507,0.108372664497356
12,24164.364000082,42791.6510000229,32156.38398404,20,regular,30,by_practice,5,10,-3.51172339770909,0.450220650611068,0.340439099197545
12,24164.364000082,42791.6510000229,32156.38398404,20,regular,30,by_practice,5,12,-2.59865534854264,0.53703785944169,1
12,24164.364000082,42791.6510000229,32156.38398404,20,regular,30,by_practice,5,9,-3.71436573671358,0.431135678985332,0.223578845715316
12,24164.364000082,42791.6510000229,32156.38398404,20,regular,30,by_practice,5,21+,-2.57196827752295,0.540961973191219,1
12,24164.364000082,42791.6510000229,32156.38398404,20,regular,30,by_practice,5,11,-3.68335769632516,0.431262262206525,0.225287781407262
12,24164.364000082,42791.6510000229,32156.38398404,20,regular,30,by_practice,5,17,-2.23839421000856,0.572204827597794,1
12,24164.364000082,42791.6510000229,32156.38398404,20,regular,30,by_practice,5,15,-3.30919274410634,0.472572610259917,0.560282161661469
12,24164.364000082,42791.6510000229,32156.38398404,20,regular,30,by_practice,5,20,-2.66380681899242,0.527233684055524,1
13,42824.5380001068,76709.8499999046,57315.4768479109,20,regular,31,by_practice,5,4,-4.85133360076042,0.331699437043515,0.0191651698414946
13,42824.5380001068,76709.8499999046,57315.4768479109,20,regular,31,by_practice,5,5,-4.83596197409303,0.333455498941607,0.017063479967851
13,42824.5380001068,76709.8499999046,57315.4768479109,20,regular,31,by_practice,5,8,-4.21037071140927,0.389738652393693,0.0771484289370263
13,42824.5380001068,76709.8499999046,57315.4768479109,20,regular,31,by_practice,5,6,-4.640999692776,0.350525028970277,0.0280183665531972
13,42824.5380001068,76709.8499999046,57315.4768479109,20,regular,31,by_practice,5,14,-4.36920688372804,0.375418929377973,0.0537258507438399
13,42824.5380001068,76709.8499999046,57315.4768479109,20,regular,31,by_practice,5,7,-4.24466602993989,0.386804611293621,0.0706915627099971
13,42824.5380001068,76709.8499999046,57315.4768479109,20,regular,31,by_practice,5,10,-3.93954660441867,0.412830267540122,0.135989395574096
13,42824.5380001068,76709.8499999046,57315.4768479109,20,regular,31,by_practice,5,12,-3.59585331802855,0.447497204529377,0.30904558955478
13,42824.5380001068,76709.8499999046,57315.4768479109,20,regular,31,by_practice,5,9,-4.36584606919622,0.375540202651347,0.0551923013199837
13,42824.5380001068,76709.8499999046,57315.4768479109,20,regular,31,by_practice,5,21+,-3.09047127140166,0.495126970437551,0.896423128995661
13,42824.5380001068,76709.8499999046,57315.4768479109,20,regular,31,by_practice,5,11,-3.78513006484293,0.427680609750336,0.195079673543275
13,42824.5380001068,76709.8499999046,57315.4768479109,20,regular,31,by_practice,5,17,-2.73440980819695,0.522906961932875,1
13,42824.5380001068,76709.8499999046,57315.4768479109,20,regular,31,by_practice,5,16,-3.15003239562414,0.485967688433651,0.730291020393975
13,42824.5380001068,76709.8499999046,57315.4768479109,20,regular,31,by_practice,5,15,-3.20735221363799,0.483668298125429,0.695680891166935
13,42824.5380001068,76709.8499999046,57315.4768479109,20,regular,31,by_practice,5,13,-3.76476495928697,0.430057506755313,0.205534356564366
13,42824.5380001068,76709.8499999046,57315.4768479109,20,regular,31,by_practice,5,19,-3.11422764136248,0.491619874230125,0.835658033129321
13,42824.5380001068,76709.8499999046,57315.4768479109,20,regular,31,by_practice,5,20,-3.13316481377309,0.488688449866947,0.774237080218109
14,76959.0260000229,137553.312999964,102888.138245152,20,regular,32,by_practice,5,4,-4.95351937275278,0.33063634814678,0.0177037975471505
14,76959.0260000229,137553.312999964,102888.138245152,20,regular,32,by_practice,5,5,-4.97405631600727,0.328392793696694,0.0132349629304596
14,76959.0260000229,137553.312999964,102888.138245152,20,regular,32,by_practice,5,8,-4.23137504515198,0.393169614629055,0.0810851124445102
14,76959.0260000229,137553.312999964,102888.138245152,20,regular,32,by_practice,5,6,-4.70697380610771,0.351601512685424,0.0271014636344268
14,76959.0260000229,137553.312999964,102888.138245152,20,regular,32,by_practice,5,14,-3.39056931345941,0.46622797713891,0.45886832946737
14,76959.0260000229,137553.312999964,102888.138245152,20,regular,32,by_practice,5,7,-4.46974410694027,0.372488133675454,0.0476871097311014
14,76959.0260000229,137553.312999964,102888.138245152,20,regular,32,by_practice,5,10,-3.9051904637207,0.421721586663805,0.159316358436427
14,76959.0260000229,137553.312999964,102888.138245152,20,regular,32,by_practice,5,12,-4.10116910018992,0.404368671030766,0.102190377103961
14,76959.0260000229,137553.312999964,102888.138245152,20,regular,32,by_practice,5,9,-4.0539972776203,0.409204831147769,0.118673923482507
14,76959.0260000229,137553.312999964,102888.138245152,20,regular,32,by_practice,5,21+,-2.73865681073464,0.517872762009017,1
14,76959.0260000229,137553.312999964,102888.138245152,20,regular,32,by_practice,5,11,-3.88149766033826,0.424304897536931,0.171552713123948
14,76959.0260000229,137553.312999964,102888.138245152,20,regular,32,by_practice,5,17,-3.62213532057409,0.446791077704055,0.284790300673601
14,76959.0260000229,137553.312999964,102888.138245152,20,regular,32,by_practice,5,16,-3.38904511360655,0.466217295267566,0.451293918539096
14,76959.0260000229,137553.312999964,102888.138245152,20,regular,32,by_practice,5,15,-3.37009244635493,0.469347449241189,0.493707426436012
14,76959.0260000229,137553.312999964,102888.138245152,20,regular,32,by_practice,5,13,-3.71369956276693,0.439804733701798,0.245069061115388
14,76959.0260000229,137553.312999964,102888.138245152,20,regular,32,by_practice,5,20,-3.23010847285604,0.480741527101349,0.643357324830549
14,76959.0260000229,137553.312999964,102888.138245152,20,regular,32,by_practice,5,18,-3.72046793485089,0.438064509429222,0.227653039957809
15,138609.907999992,247039.671000004,185046.334926307,20,regular,33,by_practice,5,4,-4.96606839755038,0.3381413689464,0.0184543566780856
15,138609.907999992,247039.671000004,185046.334926307,20,regular,33,by_practice,5,5,-5.08533845248097,0.328034779288496,0.012100125334312
15,138609.907999992,247039.671000004,185046.334926307,20,regular,33,by_practice,5,8,-4.44479897259916,0.381574915736668,0.0543708311166646
15,138609.907999992,247039.671000004,185046.334926307,20,regular,33,by_practice,5,6,-4.87756221976424,0.345721098297557,0.0197044950103057
15,138609.907999992,247039.671000004,185046.334926307,20,regular,33,by_practice,5,14,-3.8196743404232,0.432304418873264,0.19127727706184
15,138609.907999992,247039.671000004,185046.334926307,20,regular,33,by_practice,5,7,-4.49443361962009,0.377291882864228,0.047826414731261
15,138609.907999992,247039.671000004,185046.334926307,20,regular,33,by_practice,5,10,-4.07126235916025,0.412444055506119,0.11696671121848
15,138609.907999992,247039.671000004,185046.334926307,20,regular,33,by_practice,5,12,-3.55112363689638,0.454053514872121,0.325110700432164
15,138609.907999992,247039.671000004,185046.334926307,20,regular,33,by_practice,5,9,-4.12367041017816,0.408460149632458,0.105980314953907
15,138609.907999992,247039.671000004,185046.334926307,20,regular,33,by_practice,5,21+,-2.89614296050823,0.500345182947072,0.997194908186445
15,138609.907999992,247039.671000004,185046.334926307,20,regular,33,by_practice,5,11,-3.82318235745965,0.433844815359667,0.201103228263777
15,138609.907999992,247039.671000004,185046.334926307,20,regular,33,by_practice,5,17,-3.66250534988489,0.444816886896737,0.260469426232157
15,138609.907999992,247039.671000004,185046.334926307,20,regular,33,by_practice,5,16,-3.74483314464846,0.440584870277562,0.232892745378122
15,138609.907999992,247039.671000004,185046.334926307,20,regular,33,by_practice,5,15,-3.22360575938746,0.482583416916875,0.652981643205661
15,138609.907999992,247039.671000004,185046.334926307,20,regular,33,by_practice,5,13,-3.82291398800039,0.433547178897801,0.198968187576446
15,138609.907999992,247039.671000004,185046.334926307,20,regular,33,by_practice,5,20,-3.24300561010299,0.480583438486252,0.626762749075949
15,138609.907999992,247039.671000004,185046.334926307,20,regular,33,by_practice,5,18,-3.35788232083873,0.473185796124121,0.523571335406861
16,247494.954999924,441248.032000065,330464.312481183,20,regular,34,by_practice,5,4,-5.12650989648194,0.331227495362407,0.0131998375685945
16,247494.954999924,441248.032000065,330464.312481183,20,regular,34,by_practice,5,5,-5.2386613966773,0.323467016324665,0.00891932382189082
16,247494.954999924,441248.032000065,330464.312481183,20,regular,34,by_practice,5,8,-4.36892807984479,0.393801079289573,0.0657320641323434
16,247494.954999924,441248.032000065,330464.312481183,20,regular,34,by_practice,5,6,-4.97892409682472,0.344026030695312,0.0167466608168049
16,247494.954999924,441248.032000065,330464.312481183,20,regular,34,by_practice,5,14,-3.48930035802385,0.461636541695363,0.376658140768948
16,247494.954999924,441248.032000065,330464.312481183,20,regular,34,by_practice,5,7,-4.72551537925772,0.36543284899073,0.0292844434249994
16,247494.954999924,441248.032000065,330464.312481183,20,regular,34,by_practice,5,10,-4.02989423694765,0.420494217532305,0.131842313359433
16,247494.954999924,441248.032000065,330464.312481183,20,regular,34,by_practice,5,12,-3.77238902760158,0.439260139973853,0.209768238747548
16,247494.954999924,441248.032000065,330464.312481183,20,regular,34,by_practice,5,9,-4.29004116400213,0.400584155810776,0.0795857364507424
16,247494.954999924,441248.032000065,330464.312481183,20,regular,34,by_practice,5,21+,-3.01305544235377,0.494291305862915,0.865116106971257
16,247494.954999924,441248.032000065,330464.312481183,20,regular,34,by_practice,5,11,-3.90391394104209,0.430787227881959,0.174281971096702
16,247494.954999924,441248.032000065,330464.312481183,20,regular,34,by_practice,5,17,-3.38926761827888,0.472234568773059,0.496154862788891
16,247494.954999924,441248.032000065,330464.312481183,20,regular,34,by_practice,5,16,-3.1601311654184,0.486606194745678,0.711581991814531
16,247494.954999924,441248.032000065,330464.312481183,20,regular,34,by_practice,5,15,-3.74861401802459,0.441306664343053,0.224334896071355
16,247494.954999924,441248.032000065,330464.312481183,20,regular,34,by_practice,5,13,-3.60978076614459,0.449707779358098,0.275603620972282
16,247494.954999924,441248.032000065,330464.312481183,20,regular,34,by_practice,5,19,-2.98059123737568,0.502294364606692,1
16,247494.954999924,441248.032000065,330464.312481183,20,regular,34,by_practice,5,18,-3.60811448461137,0.454042883913587,0.312730757221237
17,444687.072000027,792104.104000092,593496.802625765,20,regular,35,by_practice,5,4,-5.55230709399971,0.308104232969026,0.00554642695196938
17,444687.072000027,792104.104000092,593496.802625765,20,regular,35,by_practice,5,5,-5.36106027909901,0.322161784932848,0.00774512178602251
17,444687.072000027,792104.104000092,593496.802625765,20,regular,35,by_practice,5,8,-4.54804393444383,0.382948774511546,0.0438798630955443
17,444687.072000027,792104.104000092,593496.802625765,20,regular,35,by_practice,5,6,-5.04405634799765,0.34580874100656,0.0154847177883364
17,444687.072000027,792104.104000092,593496.802625765,20,regular,35,by_practice,5,14,-4.17849225009029,0.410719492115986,0.0935288125927428
17,444687.072000027,792104.104000092,593496.802625765,20,regular,35,by_practice,5,7,-4.78763925566312,0.365767642952344,0.0270986692598234
17,444687.072000027,792104.104000092,593496.802625765,20,regular,35,by_practice,5,10,-4.18427305444733,0.410053884778738,0.0895444992366802
17,444687.072000027,792104.104000092,593496.802625765,20,regular,35,by_practice,5,12,-3.79133327053164,0.440853825269617,0.207042915458775
17,444687.072000027,792104.104000092,593496.802625765,20,regular,35,by_practice,5,9,-4.53191854829265,0.384876020614359,0.0452926859942952
17,444687.072000027,792104.104000092,593496.802625765,20,regular,35,by_practice,5,21+,-3.46406798981496,0.461094015997077,0.355429986722368
17,444687.072000027,792104.104000092,593496.802625765,20,regular,35,by_practice,5,11,-4.0223424688892,0.424318795614667,0.135364699025638
17,444687.072000027,792104.104000092,593496.802625765,20,regular,35,by_practice,5,16,-4.26277084522559,0.406354109880523,0.0830861304348309
17,444687.072000027,792104.104000092,593496.802625765,20,regular,35,by_practice,5,15,-3.54224145738273,0.459551699244991,0.340410438688086
17,444687.072000027,792104.104000092,593496.802625765,20,regular,35,by_practice,5,13,-3.68508456442647,0.448667170207458,0.253576037041249
17,444687.072000027,792104.104000092,593496.802625765,20,regular,35,by_practice,5,19,-3.10312822642306,0.491198867809103,0.793289335875604
18,808071.109999895,1410000.22900009,1067417.65497307,20,regular,36,by_practice,5,4,-5.83272095520671,0.294687296278424,0.00317286146530786
18,808071.109999895,1410000.22900009,1067417.65497307,20,regular,36,by_practice,5,5,-5.69497689152098,0.305721571464923,0.00395068834385554
18,808071.109999895,1410000.22900009,1067417.65497307,20,regular,36,by_practice,5,8,-4.61514620190771,0.384485384870105,0.041357982288636
18,808071.109999895,1410000.22900009,1067417.65497307,20,regular,36,by_practice,5,6,-5.38825422902738,0.327659635351685,0.00774814132155456
18,808071.109999895,1410000.22900009,1067417.65497307,20,regular,36,by_practice,5,14,-4.66977530733055,0.381489213668778,0.0380343823611623
18,808071.109999895,1410000.22900009,1067417.65497307,20,regular,36,by_practice,5,7,-5.08733757678919,0.351229336616515,0.0155056091144369
18,808071.109999895,1410000.22900009,1067417.65497307,20,regular,36,by_practice,5,10,-4.42832533821654,0.398382802630226,0.0609104417716447
18,808071.109999895,1410000.22900009,1067417.65497307,20,regular,36,by_practice,5,12,-4.63713085663728,0.382100601790897,0.0381863966131559
18,808071.109999895,1410000.22900009,1067417.65497307,20,regular,36,by_practice,5,9,-4.78417652952139,0.370544402627327,0.0272125967505223
18,808071.109999895,1410000.22900009,1067417.65497307,20,regular,36,by_practice,5,21+,-3.58152708809296,0.453693345171997,0.283248587220138
18,808071.109999895,1410000.22900009,1067417.65497307,20,regular,36,by_practice,5,11,-4.43549104055527,0.394866417033847,0.0535199628214261
18,808071.109999895,1410000.22900009,1067417.65497307,20,regular,36,by_practice,5,17,-3.53019502896223,0.462404960677137,0.356954776485898
18,808071.109999895,1410000.22900009,1067417.65497307,20,regular,36,by_practice,5,16,-4.46379176389548,0.392807889639794,0.0526529935073854
18,808071.109999895,1410000.22900009,1067417.65497307,20,regular,36,by_practice,5,13,-4.30067015448602,0.407418787219466,0.0788713944154902
18,808071.109999895,1410000.22900009,1067417.65497307,20,regular,36,by_practice,5,20,-4.324046983325,0.40404760242859,0.0695037538766131
18,808071.109999895,1410000.22900009,1067417.65497307,20,regular,36,by_practice,5,18,-3.73968909990696,0.444032693119938,0.210313986654323
19,1458368.50699997,2566018.70299983,1934476.89694859,20,regular,37,by_practice,5,4,-6.03347492461267,0.291363194692174,0.00230226292126472
19,1458368.50699997,2566018.70299983,1934476.89694859,20,regular,37,by_practice,5,5,-5.64137653682567,0.317348861286602,0.00478429178809994
19,1458368.50699997,2566018.70299983,1934476.89694859,20,regular,37,by_practice,5,8,-4.80745935794897,0.375102923432251,0.0270980630951176
19,1458368.50699997,2566018.70299983,1934476.89694859,20,regular,37,by_practice,5,6,-4.74829901638083,0.378880332854991,0.029112144769329
19,1458368.50699997,2566018.70299983,1934476.89694859,20,regular,37,by_practice,5,7,-4.76793745470922,0.376263476701344,0.0277471549899582
19,1458368.50699997,2566018.70299983,1934476.89694859,20,regular,37,by_practice,5,10,-4.55206222204781,0.394026362487675,0.0473716739402874
19,1458368.50699997,2566018.70299983,1934476.89694859,20,regular,37,by_practice,5,12,-4.24755801320193,0.414427142208018,0.0862822658897807
19,1458368.50699997,2566018.70299983,1934476.89694859,20,regular,37,by_practice,5,9,-4.53136610969514,0.395068059909093,0.0497206042941006
19,1458368.50699997,2566018.70299983,1934476.89694859,20,regular,37,by_practice,5,11,-4.68572697644006,0.383571883774321,0.0349945584807304
20,2573482.61699986,4605678.9519999,3442765.56309806,20,regular,38,by_practice,5,4,-6.18793505036099,0.286354165780143,0.00161880555571181
20,2573482.61699986,4605678.9519999,3442765.56309806,20,regular,38,by_practice,5,5,-6.03993045458708,0.296109326665949,0.00210202198831705
20,2573482.61699986,4605678.9519999,3442765.56309806,20,regular,38,by_practice,5,8,-4.67414965286255,0.388759823279287,0.0359662638951471
20,2573482.61699986,4605678.9519999,3442765.56309806,20,regular,38,by_practice,5,6,-5.74571716286308,0.316169518943538,0.00400326406802789
20,2573482.61699986,4605678.9519999,3442765.56309806,20,regular,38,by_practice,5,14,-5.2617069852234,0.350320262325631,0.0114653441349345
20,2573482.61699986,4605678.9519999,3442765.56309806,20,regular,38,by_practice,5,7,-5.00416446905048,0.365584856448329,0.0178943553090481
20,2573482.61699986,4605678.9519999,3442765.56309806,20,regular,38,by_practice,5,10,-4.83707050034663,0.377014088508732,0.0252488282284977
20,2573482.61699986,4605678.9519999,3442765.56309806,20,regular,38,by_practice,5,9,-5.50230095286944,0.332853904914967,0.00669344102920286
20,2573482.61699986,4605678.9519999,3442765.56309806,20,regular,38,by_practice,5,21+,-4.76791600554306,0.384883033707775,0.0312766160480572
20,2573482.61699986,4605678.9519999,3442765.56309806,20,regular,38,by_practice,5,11,-4.7241906222887,0.385969486682685,0.0326195289814965
20,2573482.61699986,4605678.9519999,3442765.56309806,20,regular,38,by_practice,5,16,-3.96091461790642,0.436118434740517,0.148103989851098
